CREATE DATABASE  IF NOT EXISTS `cliiink` /*!40100 DEFAULT CHARACTER SET utf8 COLLATE utf8_bin */ /*!80016 DEFAULT ENCRYPTION='N' */;
USE `cliiink`;
-- MySQL dump 10.13  Distrib 8.0.21, for Win64 (x86_64)
--
-- Host: localhost    Database: cliiink
-- ------------------------------------------------------
-- Server version	8.0.21

/*!40101 SET @OLD_CHARACTER_SET_CLIENT=@@CHARACTER_SET_CLIENT */;
/*!40101 SET @OLD_CHARACTER_SET_RESULTS=@@CHARACTER_SET_RESULTS */;
/*!40101 SET @OLD_COLLATION_CONNECTION=@@COLLATION_CONNECTION */;
/*!50503 SET NAMES utf8 */;
/*!40103 SET @OLD_TIME_ZONE=@@TIME_ZONE */;
/*!40103 SET TIME_ZONE='+00:00' */;
/*!40014 SET @OLD_UNIQUE_CHECKS=@@UNIQUE_CHECKS, UNIQUE_CHECKS=0 */;
/*!40014 SET @OLD_FOREIGN_KEY_CHECKS=@@FOREIGN_KEY_CHECKS, FOREIGN_KEY_CHECKS=0 */;
/*!40101 SET @OLD_SQL_MODE=@@SQL_MODE, SQL_MODE='NO_AUTO_VALUE_ON_ZERO' */;
/*!40111 SET @OLD_SQL_NOTES=@@SQL_NOTES, SQL_NOTES=0 */;

--
-- Table structure for table `categorie`
--

DROP TABLE IF EXISTS `categorie`;
/*!40101 SET @saved_cs_client     = @@character_set_client */;
/*!50503 SET character_set_client = utf8mb4 */;
CREATE TABLE `categorie` (
  `id` smallint unsigned NOT NULL AUTO_INCREMENT,
  `type` varchar(30) COLLATE utf8_bin NOT NULL,
  PRIMARY KEY (`id`)
) ENGINE=InnoDB AUTO_INCREMENT=8 DEFAULT CHARSET=utf8 COLLATE=utf8_bin;
/*!40101 SET character_set_client = @saved_cs_client */;

--
-- Dumping data for table `categorie`
--

LOCK TABLES `categorie` WRITE;
/*!40000 ALTER TABLE `categorie` DISABLE KEYS */;
INSERT INTO `categorie` VALUES (1,'Bac aérien avec cache bac'),(2,'Bac aérien sans cache bac'),(3,'PAV cuve enterrée'),(4,'PAV enterré ascenseur'),(5,'PAV cuve compactrice'),(6,'PAV cuve semi-enterrée'),(7,'Colonne aérienne');
/*!40000 ALTER TABLE `categorie` ENABLE KEYS */;
UNLOCK TABLES;

--
-- Table structure for table `collecteur`
--

DROP TABLE IF EXISTS `collecteur`;
/*!40101 SET @saved_cs_client     = @@character_set_client */;
/*!50503 SET character_set_client = utf8mb4 */;
CREATE TABLE `collecteur` (
  `objectid` smallint unsigned NOT NULL AUTO_INCREMENT,
  `id` varchar(30) COLLATE utf8_bin DEFAULT NULL,
  `volume` smallint unsigned DEFAULT NULL,
  `quantite` tinyint unsigned NOT NULL,
  `dateInstallation` date DEFAULT NULL,
  `adresse` varchar(50) COLLATE utf8_bin DEFAULT NULL,
  `adresseComplement` varchar(45) COLLATE utf8_bin DEFAULT NULL,
  `codeInsee` char(5) COLLATE utf8_bin NOT NULL,
  `observations` varchar(70) COLLATE utf8_bin DEFAULT NULL,
  `createur` varchar(20) COLLATE utf8_bin NOT NULL,
  `dateCreation` datetime NOT NULL,
  `modificateur` varchar(20) COLLATE utf8_bin NOT NULL,
  `dateModification` datetime NOT NULL,
  `globalid` varchar(38) COLLATE utf8_bin NOT NULL,
  `_x` float unsigned NOT NULL,
  `_y` float unsigned NOT NULL,
  `idCategorie` smallint unsigned DEFAULT NULL,
  `idTri` smallint unsigned NOT NULL,
  `idMarque` smallint unsigned DEFAULT NULL,
  PRIMARY KEY (`objectid`),
  KEY `fk_collecteur_marque_idx` (`idMarque`),
  KEY `fk_collecteur_tri_idx` (`idTri`),
  KEY `fk_collecteur_categorie_idx` (`idCategorie`),
  CONSTRAINT `fk_collecteur_categorie` FOREIGN KEY (`idCategorie`) REFERENCES `categorie` (`id`),
  CONSTRAINT `fk_collecteur_marque` FOREIGN KEY (`idMarque`) REFERENCES `marque` (`id`),
  CONSTRAINT `fk_collecteur_tri` FOREIGN KEY (`idTri`) REFERENCES `tri` (`id`)
) ENGINE=InnoDB AUTO_INCREMENT=968 DEFAULT CHARSET=utf8 COLLATE=utf8_bin;
/*!40101 SET character_set_client = @saved_cs_client */;

--
-- Dumping data for table `collecteur`
--

LOCK TABLES `collecteur` WRITE;
/*!40000 ALTER TABLE `collecteur` DISABLE KEYS */;
INSERT INTO `collecteur` VALUES (1,NULL,660,1,NULL,'Gare tsm',NULL,'06138',NULL,'chpayet','2019-12-04 08:39:17','chpayet','2019-12-04 08:39:17','{5C455C7F-2CAF-4B57-8B69-686691E7ACAA}',6.93701,43.5133,1,1,1),(2,NULL,660,3,NULL,'Résidence les terrasses de saint honorat',NULL,'06138',NULL,'chpayet','2020-01-02 13:19:48','chpayet','2020-01-02 13:19:48','{449AE0D0-B256-49C2-84F7-87F4248CA3CC}',6.94152,43.4905,1,1,1),(3,NULL,660,1,NULL,'Prince des iles',NULL,'06138',NULL,'chpayet','2019-12-04 08:46:30','chpayet','2019-12-04 08:46:30','{FED2233C-9710-40F1-ACF4-58134F0BB9FE}',6.9374,43.5092,2,1,1),(4,NULL,660,1,NULL,'Avenue de lerins trottoir de l eglise',NULL,'06138',NULL,'chpayet','2019-12-04 08:53:06','chpayet','2019-12-04 08:53:06','{058DC0AE-423C-4FEB-8D30-D4C113428CD8}',6.93835,43.5081,2,1,1),(5,NULL,660,1,NULL,'Avenue de lerins angle traverse magasin souvenirs',NULL,'06138',NULL,'chpayet','2019-12-04 09:00:36','chpayet','2019-12-04 09:00:36','{53D62EB0-B046-4D5D-B636-94646AC984AA}',6.94056,43.5077,2,1,1),(6,'660051915 / 660050415',660,2,NULL,'Chemin du débarcadère ',NULL,'06138',NULL,'chpayet','2019-12-04 09:17:20','chpayet','2019-12-04 09:17:20','{82C7C496-B6B1-453A-B80C-0DAE42D55C04}',6.94239,43.5069,2,1,2),(7,'660051615',660,1,NULL,'17 avenue de Provence ',NULL,'06138',NULL,'chpayet','2019-12-11 08:10:45','chpayet','2019-12-11 08:10:45','{E1A1D903-433E-47A8-BB2E-0BCA7BE7F61E}',6.93519,43.5086,2,1,2),(8,NULL,660,1,NULL,'13 jb pastor',NULL,'06138',NULL,'chpayet','2019-12-04 09:34:29','chpayet','2019-12-04 09:36:17','{F99EABC7-5945-4C61-94AA-CCB3E9FB8659}',6.93883,43.5052,2,1,1),(9,'660052715',660,1,NULL,'Parking vallon l autelgy',NULL,'06138',NULL,'chpayet','2019-12-04 09:58:52','chpayet','2019-12-04 09:59:28','{54A6D6C6-A696-4AF9-8D4D-7A2AF7EDD682}',6.93723,43.5034,2,1,2),(10,'660016917',660,1,NULL,'Rue de lerins plage maurin',NULL,'06138',NULL,'chpayet','2019-12-06 08:27:57','chpayet','2019-12-06 08:27:57','{7CB78388-F3B8-4C7F-82DC-DD1BE66783D0}',6.93711,43.5148,1,1,2),(11,'660201419',660,1,NULL,'Rue du sanglier',NULL,'06138',NULL,'chpayet','2019-12-06 08:37:19','chpayet','2019-12-06 08:37:19','{B1692B27-E972-4480-BA4C-5541B82A85B3}',6.94051,43.5054,1,1,2),(12,'C054',660,1,NULL,'32 avenue corniche d or',NULL,'06138',NULL,'chpayet','2019-12-06 08:41:01','chpayet','2019-12-06 08:43:05','{2158718C-2D4D-4FEF-B45F-BC2FC5445837}',6.9437,43.5061,2,1,3),(13,'C 056 / c 055',660,2,NULL,'Avenue corniche d or',NULL,'06138',NULL,'chpayet','2019-12-06 08:47:49','chpayet','2019-12-06 08:47:49','{F5E9F8AB-8A52-4823-8C64-BBDD1B05AA42}',6.95031,43.5049,1,1,1),(14,NULL,750,1,NULL,'Avenue corniche d or','Face restaurant l air du temps','06138',NULL,'chpayet','2019-12-06 08:57:06','chpayet','2019-12-06 08:57:06','{F409465F-2340-4EEA-A7E2-0EEEF56BF084}',6.95306,43.5013,2,1,1),(15,NULL,660,1,NULL,'Avenue corniche d or','Face restaurant l air du temps ','06138',NULL,'chpayet','2019-12-06 08:58:18','chpayet','2019-12-06 08:58:18','{E5FFDEDB-2F25-4E7F-8736-FE3F78ECE3F7}',6.95308,43.5013,2,1,2),(16,'C083',660,1,NULL,'37 avenue miramar ',NULL,'06138',NULL,'chpayet','2019-12-06 09:10:45','chpayet','2019-12-06 09:10:45','{0BB0268B-C1ED-4DEE-A617-14A264408FD4}',6.94109,43.4867,1,1,1),(17,'6601901442',660,1,NULL,'Corniche avenue miramar ',NULL,'06138',NULL,'chpayet','2019-12-06 09:14:14','chpayet','2019-12-06 09:14:14','{CE483A52-390B-43BE-A409-01F1A65DBBB1}',6.94156,43.4865,1,1,2),(18,NULL,660,2,NULL,'Avenue miramar ','Proche port figueirette','06138',NULL,'chpayet','2019-12-06 09:21:53','chpayet','2019-12-06 09:21:53','{34B806E5-FF13-4F8B-A091-DC71830D7EFB}',6.93145,43.4845,2,1,1),(19,NULL,240,1,NULL,'Avenue miramar ','Proche port figueirette ','06138',NULL,'chpayet','2019-12-06 09:23:13','chpayet','2019-12-06 09:23:13','{4A502D36-C145-4FC7-AB1B-7A52728B9104}',6.93144,43.4845,2,1,1),(20,'C 004',660,1,NULL,'Avenue de Provence ',NULL,'06138',NULL,'chpayet','2019-12-11 08:15:30','chpayet','2019-12-11 08:15:30','{9C3245C8-34FD-483A-B1E5-FB28CFA759D9}',6.93455,43.5096,2,1,1),(21,'660009218,6601801328,c110',660,3,NULL,'16 avenue du trayas',NULL,'06138',NULL,'chpayet','2019-12-06 09:41:39','chpayet','2019-12-06 09:41:39','{85FCBB7E-829C-4A12-8C9F-26864FFA595C}',6.92989,43.4841,1,1,NULL),(22,'6601801329,c107,660007618',660,3,NULL,'16 avenue du trayas','Or parking face restaurant matipi','06138',NULL,'chpayet','2019-12-06 09:44:53','chpayet','2019-12-06 09:44:53','{14E7D265-B53C-4F0C-A93C-833632A5A553}',6.9299,43.484,1,1,2),(23,'660050515',660,1,NULL,'Avenue du midi',NULL,'06138',NULL,'chpayet','2019-12-11 08:20:32','chpayet','2019-12-11 08:20:32','{DD0DDBB4-17CE-4BF6-8D98-F2E94D05018D}',6.93641,43.5086,2,1,2),(24,NULL,660,1,NULL,'16 avenue du trayas',NULL,'06138',NULL,'chpayet','2019-12-06 09:47:28','chpayet','2019-12-06 09:47:28','{83E9E79C-30B9-4810-A497-57A622270EFA}',6.92994,43.484,1,1,NULL),(25,NULL,120,1,NULL,'16 avenue du trayas ',NULL,'06138',NULL,'chpayet','2019-12-06 09:49:09','chpayet','2019-12-06 09:49:09','{26C0D5E8-5A31-4B7E-B802-F1CDFBCF5270}',6.92992,43.4841,1,1,NULL),(26,'660051715',660,1,NULL,'1992 avenue du midi',NULL,'06138',NULL,'chpayet','2019-12-11 08:26:43','chpayet','2019-12-11 08:26:43','{963293CA-7440-4829-B5A4-E45C0AE57F56}',6.93471,43.5069,2,1,2),(27,'660191761',660,1,NULL,'Avenue miramar résidence port miramar ',NULL,'06138',NULL,'chpayet','2019-12-06 09:56:27','chpayet','2019-12-06 09:56:27','{942DAF18-34FA-415B-A259-84208096EB9E}',6.93023,43.4818,2,1,2),(28,NULL,660,1,NULL,'35 avenue miramar résidence azurine',NULL,'06138',NULL,'chpayet','2019-12-06 09:58:14','chpayet','2019-12-06 09:58:14','{6EA02FDB-20CE-4826-A047-B6CD48E49DA7}',6.93034,43.4816,2,1,1),(29,'C013',660,1,NULL,'Avenue du Languedoc ',NULL,'06138',NULL,'chpayet','2019-12-11 08:37:13','chpayet','2019-12-11 08:37:13','{5018AA11-932D-431E-B606-7712FC0077FA}',6.93688,43.5079,2,1,3),(30,NULL,660,1,NULL,'Port figueirette ',NULL,'06138',NULL,'chpayet','2019-12-06 10:10:48','chpayet','2019-12-06 10:10:48','{2D9B390B-3854-44A2-835F-A73F0E6D81AC}',6.93414,43.485,2,1,1),(31,NULL,750,1,NULL,'Boulevard l esquillon','Beauchamp hotel','06138',NULL,'chpayet','2019-12-06 10:18:34','chpayet','2019-12-06 10:18:34','{6B34E940-578C-4D46-85B5-6F2136B280E3}',6.93761,43.4857,1,1,1),(32,'C014',660,1,NULL,'Avenue du Languedoc ',NULL,'06138',NULL,'chpayet','2019-12-11 08:38:06','chpayet','2019-12-11 08:38:06','{57B96EE1-4C17-49FA-94B9-7DA818F88DCA}',6.9369,43.5077,2,1,1),(33,'6601801256',660,1,NULL,'Boulevard de l esquillon ',NULL,'06138',NULL,'chpayet','2019-12-06 10:26:28','chpayet','2019-12-06 10:26:28','{82FD493B-7CE4-457A-8B9E-2939FD28F31D}',6.94403,43.4866,1,1,2),(34,NULL,660,1,NULL,'Boulevard de l esquillon ',NULL,'06138',NULL,'chpayet','2019-12-06 10:30:24','chpayet','2019-12-06 10:30:24','{1226245B-463A-49FB-A60C-4B07F3B2BA75}',6.94482,43.4858,2,1,3),(35,'C012',660,1,NULL,'Avenue du Languedoc ',NULL,'06138',NULL,'chpayet','2019-12-11 08:40:43','chpayet','2019-12-11 08:40:43','{F8A24016-461C-47D5-9505-AC24DFDBFCE6}',6.93585,43.5075,2,1,1),(36,NULL,750,1,NULL,'Boulevard de l esquillon ',NULL,'06138',NULL,'chpayet','2019-12-06 10:32:20','chpayet','2019-12-06 10:32:20','{F333B949-518D-4813-A7FF-58F3BB6BDE0B}',6.94487,43.4858,2,1,1),(37,'6601901472',660,1,NULL,'55 boulevard corniche d or',NULL,'06138',NULL,'chpayet','2019-12-06 10:50:12','chpayet','2019-12-06 10:50:12','{7F05DA56-5A45-4B5F-8A59-6427B2C1A40F}',6.95243,43.5052,1,1,2),(38,'C104',660,1,NULL,'Avenue corniche d or','Pointe aiguille','06138',NULL,'chpayet','2019-12-06 10:53:02','chpayet','2019-12-06 10:53:02','{EF3D19DF-44F7-45DE-A8FF-5B8653772DF8}',6.9474,43.5053,1,1,1),(39,'C038',660,1,NULL,'Avenue de lerins ',NULL,'06138',NULL,'chpayet','2019-12-06 10:59:45','chpayet','2019-12-06 10:59:45','{F5F1F42E-B710-4012-A595-F785E0616786}',6.9404,43.5059,2,1,1),(40,'C 002',660,1,NULL,'23 avenue roc',NULL,'06138',NULL,'chpayet','2019-12-11 07:59:18','chpayet','2019-12-11 07:59:18','{EB14E778-B9ED-4979-812B-D331D6E921EB}',6.93558,43.5141,2,1,3),(41,NULL,660,3,NULL,'Avenue Monti résidence aquabella',NULL,'06138',NULL,'chpayet','2019-12-04 09:06:33','chpayet','2019-12-11 08:47:50','{406E8ECE-D81B-4642-8E61-60E51B9DC733}',6.94077,43.5076,2,1,1),(42,'660050815',660,1,NULL,'Avenue montier',NULL,'06138',NULL,'chpayet','2019-12-11 08:52:13','chpayet','2019-12-11 08:52:13','{2890CE2C-BFA2-4C58-9DC2-201C08FA1C14}',6.93869,43.5055,1,1,2),(43,'C029',660,1,NULL,'Avenue montier',NULL,'06138',NULL,'chpayet','2019-12-11 08:53:21','chpayet','2019-12-11 08:53:21','{8ACE528C-76EF-4060-8444-FE6369164D18}',6.93868,43.5055,1,1,1),(44,'C030',660,1,NULL,'24 avenue montier',NULL,'06138',NULL,'chpayet','2019-12-11 08:57:03','chpayet','2019-12-11 08:57:03','{6BFFB3B7-341A-4615-B9E7-D98E2D7ABC0C}',6.9386,43.5062,2,1,1),(45,'C032',660,1,NULL,'Avenue montier','Face ecole','06138',NULL,'chpayet','2019-12-11 09:01:05','chpayet','2019-12-11 09:01:05','{4206A0E3-3870-450E-82AA-2BB79DCBDD9F}',6.93893,43.5068,2,1,1),(46,'660053715/660050715',660,2,NULL,'Avenue montier','Face ecole','06138',NULL,'chpayet','2019-12-11 09:05:18','chpayet','2019-12-11 09:05:18','{950F7913-28B4-4E94-A08E-0238227E6672}',6.93898,43.5069,2,1,2),(47,'C051',660,1,NULL,'Rue de la source',NULL,'06138',NULL,'chpayet','2019-12-11 09:30:00','chpayet','2019-12-11 09:30:00','{16C4E555-B794-4C07-93B8-6E44897AD008}',6.9473,43.505,2,1,1),(48,'6601800534/6601800533',660,2,NULL,'10 rue de la source',NULL,'06138',NULL,'chpayet','2019-12-11 09:36:52','chpayet','2019-12-11 09:36:52','{104D8CB8-6FDC-4F86-AD10-55C9EFE72C95}',6.94303,43.506,2,1,2),(49,'660052115',660,1,NULL,'Allée des pins',NULL,'06138',NULL,'chpayet','2019-12-11 09:43:57','chpayet','2019-12-11 09:43:57','{4828A1AF-50F8-4837-BB27-F12B11604387}',6.94986,43.5045,2,1,2),(50,NULL,660,1,NULL,'7 Ave saint hubert',NULL,'06138',NULL,'chpayet','2019-12-11 09:47:44','chpayet','2019-12-11 09:47:44','{4DD1A2A5-8AB8-4E39-BFFA-634DE702C84B}',6.94918,43.5037,2,1,1),(51,'660016617/660053415',660,2,NULL,'Avenue saint hubert',NULL,'06138',NULL,'chpayet','2019-12-11 09:51:38','chpayet','2019-12-11 09:51:38','{3FBFBC68-6052-4898-B2D0-F35E8EC0F0DB}',6.94605,43.5039,2,1,2),(52,NULL,660,1,NULL,'38 avenue saint Hubert ',NULL,'06138',NULL,'chpayet','2019-12-11 09:55:32','chpayet','2019-12-11 09:55:32','{E7CF3EB1-FC28-424E-839D-7F882B5D320B}',6.94336,43.5036,2,1,1),(53,NULL,660,5,NULL,'37 avenue saint Hubert ','Panoramer','06138',NULL,'chpayet','2019-12-11 09:57:47','chpayet','2019-12-11 09:57:47','{F117F93D-B5C3-4D5D-A37C-F01D7F17B265}',6.94324,43.5034,2,1,1),(54,NULL,750,1,NULL,'37 avenue saint Hubert ',NULL,'06138',NULL,'chpayet','2019-12-11 09:59:10','chpayet','2019-12-11 09:59:10','{10C27FF7-E7E5-4F12-88DC-56A85F5796CF}',6.94324,43.5034,2,1,NULL),(55,'660183019',660,1,NULL,'49 boulevard saint Hubert ',NULL,'06138',NULL,'chpayet','2019-12-11 10:04:26','chpayet','2019-12-11 10:04:26','{DBBBB20F-C526-4C2B-AACB-81BF89B26B76}',6.94664,43.5033,2,1,2),(56,'C046',660,1,NULL,'49 boulevard saint Hubert ',NULL,'06138',NULL,'chpayet','2019-12-11 10:05:35','chpayet','2019-12-11 10:05:35','{28B4FF38-A03C-475A-9791-91196189F434}',6.94666,43.5034,2,1,1),(57,'660013417',660,1,NULL,'4 rue Abdel balif ',NULL,'06138',NULL,'chpayet','2019-12-11 10:15:51','chpayet','2019-12-11 10:15:51','{3EFD2DBE-EBE4-45CD-9C22-BECFDBF0EE74}',6.95313,43.5037,2,1,2),(58,'6601800532',660,1,NULL,'4 allée des eucalyptus ',NULL,'06138',NULL,'chpayet','2019-12-11 10:19:14','chpayet','2019-12-11 10:19:14','{B6F48B25-FF3E-4DDA-A0E1-8150D8A3261F}',6.95244,43.5026,2,1,2),(59,'C059',660,1,NULL,'13 allée des eucalyptus ',NULL,'06138',NULL,'chpayet','2019-12-11 10:22:19','chpayet','2019-12-11 10:22:19','{BBF39053-463A-41AE-8941-8153F352C649}',6.95188,43.5008,2,1,1),(60,'6601800531',660,1,NULL,'13 allée des eucalyptus ',NULL,'06138',NULL,'chpayet','2019-12-11 10:23:16','chpayet','2019-12-11 10:23:16','{EE37C27E-9E02-4222-AFA2-2C852DC6C694}',6.9519,43.5008,2,1,2),(61,'C062',660,1,NULL,'Allée des mimosees ',NULL,'06138',NULL,'chpayet','2019-12-11 10:27:15','chpayet','2019-12-11 10:27:15','{10174084-4FEF-4B66-A1C2-927E32A9C005}',6.94901,43.4989,2,1,1),(62,'6601800783',660,1,NULL,'Allée des mimosees',NULL,'06138',NULL,'chpayet','2019-12-11 10:29:06','chpayet','2019-12-11 10:29:06','{49F2D2AB-E825-4C4A-AB1A-733900F0EAA8}',6.94912,43.4989,2,1,2),(63,'C037',660,1,NULL,'Boulevard corniche d or',NULL,'06138',NULL,'chpayet','2019-12-11 10:44:57','chpayet','2019-12-11 10:44:57','{0AD7C131-2CBC-4DE3-B14D-F8455DCD34D7}',6.94148,43.5065,2,1,1),(64,NULL,660,2,NULL,'26 boulevard de l esterel',NULL,'06029',NULL,'chpayet','2020-01-29 14:31:15','chpayet','2020-01-29 14:31:15','{A57BA92D-AB4C-424F-A0E5-8B966BF33DA2}',6.97215,43.5579,1,1,2),(65,NULL,660,1,NULL,'Résidence les terrasses de saint honorat',NULL,'06138',NULL,'chpayet','2020-01-02 13:20:37','chpayet','2020-01-02 13:21:04','{DC50DBE6-6187-4780-BF33-7E3A7E49C35E}',6.94157,43.4905,1,1,2),(66,NULL,660,1,NULL,NULL,NULL,'06138',NULL,'chpayet','2020-01-02 13:26:12','chpayet','2020-01-02 13:26:12','{7E0F84F0-A1FC-4B0C-9E96-67BC6C993BD1}',6.94299,43.4893,2,1,1),(67,NULL,240,1,NULL,'39 bd de l esterel',NULL,'06138',NULL,'chpayet','2020-01-02 13:28:14','chpayet','2020-01-02 13:28:14','{85EF35CC-F64F-4ECD-9336-558509A14F5E}',6.94295,43.4883,2,1,2),(68,NULL,660,2,NULL,'39 bd de l esterel',NULL,'06138',NULL,'chpayet','2020-01-02 13:29:12','chpayet','2020-01-02 13:29:12','{49136A71-F14A-4617-95EA-2D1EA1569940}',6.94297,43.4883,2,1,2),(69,NULL,660,2,NULL,'Avenue fragonard',NULL,'06138',NULL,'chpayet','2020-01-02 13:35:31','chpayet','2020-01-02 13:35:31','{80E981F9-A63A-49F2-90EB-AFB11AA9DAFD}',6.94385,43.4874,1,1,1),(70,NULL,660,2,NULL,'Avenue fragonard ',NULL,'06138',NULL,'chpayet','2020-01-02 13:38:42','chpayet','2020-01-02 13:38:42','{14B62815-0B94-46BA-BB02-E498DCF88E74}',6.9408,43.4879,1,1,1),(71,NULL,660,3,NULL,'Avenue van loo',NULL,'06138',NULL,'chpayet','2020-01-02 13:44:12','chpayet','2020-01-02 13:44:12','{D3656872-2B9A-4A7A-A009-37C7F3DBD5DD}',6.93977,43.4879,1,1,1),(72,NULL,660,1,NULL,'Avenue van loo',NULL,'06138',NULL,'chpayet','2020-01-02 13:47:51','chpayet','2020-01-02 13:47:51','{E55F7250-4BF9-4F70-B8A6-EC1C03F13997}',6.94042,43.4873,1,1,3),(73,NULL,660,1,NULL,'Avenue van loo',NULL,'06138',NULL,'chpayet','2020-01-02 13:48:24','chpayet','2020-01-02 13:48:24','{6B2EA48C-B98C-49B6-B6CD-FB807907282F}',6.94047,43.4873,1,1,1),(74,NULL,660,2,NULL,'Avenue van loo',NULL,'06138',NULL,'chpayet','2020-01-02 13:48:59','chpayet','2020-01-02 13:48:59','{71A6B0D1-407E-4907-995D-9A296539D76F}',6.94047,43.4873,1,1,2),(75,NULL,660,1,NULL,'Avenue van loo',NULL,'06138',NULL,'chpayet','2020-01-02 13:51:15','chpayet','2020-01-02 13:51:15','{93FFD675-B324-498A-ADB3-43329A3AAB80}',6.94067,43.4869,1,1,2),(76,NULL,660,1,NULL,'Avenue van loo',NULL,'06138',NULL,'chpayet','2020-01-02 13:52:55','chpayet','2020-01-02 13:52:55','{75B16DA2-FFCF-4EB7-B618-69546310024F}',6.9407,43.4868,1,1,1),(77,NULL,660,1,NULL,'Avenue fragonard ',NULL,'06138',NULL,'chpayet','2020-01-02 13:57:49','chpayet','2020-01-02 13:57:49','{343F0DE0-A674-4AD7-89C9-F806B6A5FCC5}',6.94153,43.4872,2,1,2),(78,NULL,660,1,NULL,'Avenue fragonard ',NULL,'06138',NULL,'chpayet','2020-01-02 13:58:33','chpayet','2020-01-02 13:58:33','{F60B6F52-921C-413F-8D9B-119C57DE208F}',6.94153,43.4872,2,1,1),(79,NULL,660,1,NULL,'Avenue Frédéric mistral',NULL,'06138',NULL,'chpayet','2020-01-02 14:26:44','chpayet','2020-01-02 14:26:44','{09CEEF82-44C1-414A-B7E6-2F840A36B8ED}',6.92833,43.4847,1,1,1),(80,NULL,660,1,NULL,'Avenue Frédéric mistral',NULL,'06138',NULL,'chpayet','2020-01-02 14:30:04','chpayet','2020-01-02 14:30:04','{5A556BBD-B0DA-4278-96B0-A934665DEA2D}',6.9277,43.4834,2,1,1),(81,NULL,660,1,NULL,'Avenue Frédéric mistral ',NULL,'06138',NULL,'chpayet','2020-01-02 14:32:19','chpayet','2020-01-02 14:32:19','{77A163DA-3B73-46C8-87BD-F2D8F077D5C1}',6.92827,43.4821,1,1,2),(82,NULL,660,1,NULL,'Avenue du gros caillou',NULL,'06138',NULL,'chpayet','2020-01-02 14:34:47','chpayet','2020-01-02 14:34:47','{8695E2A7-9C87-411F-A99E-31CB3C78D46F}',6.92703,43.482,2,1,1),(83,NULL,660,1,NULL,'Avenue du gros caillou',NULL,'06138',NULL,'chpayet','2020-01-02 14:37:15','chpayet','2020-01-02 14:37:15','{66725F9A-DB5F-4D92-9B98-EB878025E08B}',6.92553,43.4838,1,1,1),(84,NULL,660,1,NULL,'Chemin du soleil d or',NULL,'06138',NULL,'chpayet','2020-01-02 14:46:32','chpayet','2020-01-02 14:46:32','{8F6EDCFA-0A75-46D8-949D-856E83D08FCB}',6.93198,43.4866,2,1,1),(85,NULL,240,1,NULL,'Avenue de la pointe saint marc',NULL,'06138',NULL,'chpayet','2020-01-07 13:18:52','chpayet','2020-01-07 13:18:52','{12208ACC-3731-4FF6-B0B8-F88F44B33945}',6.95503,43.501,2,1,2),(86,NULL,660,3,NULL,'Chemin du débarcadère ',NULL,'06138',NULL,'chpayet','2020-01-07 13:35:15','chpayet','2020-01-07 13:35:15','{FDDED881-E274-421D-926A-C73F323F7FF6}',6.94232,43.507,2,1,2),(87,NULL,750,1,NULL,'Chemin du débarcadère ',NULL,'06138',NULL,'chpayet','2020-01-07 13:36:12','chpayet','2020-01-07 13:36:12','{3CB063AF-3BBA-4C27-8014-F37DE07DEC05}',6.94228,43.507,2,1,1),(88,NULL,660,2,NULL,'11 avenue de grasse',NULL,'06029',NULL,'chpayet','2020-01-30 10:25:34','chpayet','2020-01-30 10:25:34','{F5B675F6-6E8D-4569-9DA6-4A573657090A}',7.01602,43.5546,1,1,2),(89,NULL,660,1,NULL,'Marco polo',NULL,'06138',NULL,'chpayet','2020-01-07 13:38:50','chpayet','2020-01-07 13:38:50','{8B29D73F-3C38-43E9-A04C-D823F02BAAF5}',6.9418,43.5075,2,1,2),(90,NULL,660,3,NULL,'Rue raphael',NULL,'06029',NULL,'chpayet','2020-01-30 10:28:02','chpayet','2020-01-30 10:28:02','{A6383F98-9DE5-4143-BF2A-E40941A65378}',7.01625,43.5551,2,1,2),(91,NULL,660,3,NULL,'Promenade de la darse',NULL,'06138',NULL,'chpayet','2020-01-07 13:42:39','chpayet','2020-01-07 13:43:24','{D960E071-B80C-4444-9585-FC39D98AD264}',6.9414,43.5084,2,1,1),(92,NULL,3000,2,NULL,'Boulevard carnot','Palais de justice ','06029',NULL,'chpayet','2020-01-30 10:40:32','chpayet','2020-01-30 10:40:32','{DB77BC32-C44C-4D8C-BE43-15F40FF7EFCE}',7.01674,43.556,3,1,2),(93,NULL,660,1,NULL,'Promenade de la darse',NULL,'06138',NULL,'chpayet','2020-01-07 13:44:30','chpayet','2020-01-07 13:44:30','{358E9E5F-66E2-4B26-B7B9-464891F0F0FF}',6.94142,43.5084,1,1,2),(94,NULL,660,2,NULL,'Rue montboissier',NULL,'06029',NULL,'chpayet','2020-01-30 10:52:33','chpayet','2020-01-30 10:52:33','{8BECFB8E-BE54-4B47-AB5C-0E3B531E93EC}',7.01581,43.5582,1,1,2),(95,NULL,660,2,NULL,'Rue mozard',NULL,'06029',NULL,'chpayet','2020-01-30 10:58:29','chpayet','2020-01-30 10:58:29','{DF09F5EA-D871-40AA-A057-4067CD31006D}',7.01763,43.558,1,1,2),(96,NULL,4000,3,NULL,'Avenue maréchal Gallieni ',NULL,'06029',NULL,'chpayet','2020-01-30 11:02:30','chpayet','2020-01-30 11:02:30','{957AE2BF-A1AC-426D-BB61-FE83A4AC3C70}',7.01778,43.5574,4,1,4),(97,NULL,660,2,NULL,'Angle rue 11 novembre et maréchal Gallieni ',NULL,'06029',NULL,'chpayet','2020-01-30 11:08:20','chpayet','2020-01-30 11:08:20','{A523CEC6-AF88-4738-B910-4F1F34425840}',7.01809,43.5565,1,1,2),(98,NULL,660,1,NULL,'Angle 11 novembre et maréchal Gallieni ',NULL,'06029',NULL,'chpayet','2020-01-30 11:09:20','chpayet','2020-01-30 11:09:20','{C6CB4F05-CB87-440E-8CB9-AEB79E1120EB}',7.01796,43.5565,2,1,2),(99,NULL,660,2,NULL,'Rue jean goujon',NULL,'06029',NULL,'chpayet','2020-01-30 11:11:24','chpayet','2020-01-30 11:11:24','{F507085D-DBD4-463C-8A36-80EFF455B27A}',7.01772,43.5561,1,1,2),(100,NULL,3000,1,NULL,'Rue massena','Square carnot','06029',NULL,'chpayet','2020-02-05 08:32:05','chpayet','2020-02-05 08:32:22','{9B957F2A-7382-401C-846A-C0D0EB5A5C00}',7.017,43.5646,3,1,2),(101,NULL,660,1,NULL,'68 avenue du petit juas',NULL,'06029',NULL,'chpayet','2020-02-05 08:43:41','chpayet','2020-02-05 08:43:41','{3BEDD559-0FB1-4FE0-B6C8-16860617ED58}',7.01341,43.56,2,1,2),(102,NULL,660,1,NULL,'Angle chemin st Nicolas et docteur calmette',NULL,'06029',NULL,'chpayet','2020-02-05 08:50:27','chpayet','2020-02-05 08:50:27','{924764D4-9C4B-42FF-9CB1-843F71113E09}',7.02124,43.5563,1,1,2),(103,NULL,3000,2,NULL,'1 avenue du prado',NULL,'06029',NULL,'chpayet','2020-02-05 08:54:27','chpayet','2020-02-05 08:54:27','{1B2FF3E1-C921-4D8A-B9C4-9C4D926E7827}',7.02252,43.5579,3,1,2),(104,NULL,750,3,NULL,'1 rue Marcel berthelot','Sur le parking','06029',NULL,'chpayet','2020-02-05 09:02:58','chpayet','2020-02-05 09:02:58','{193D1690-9CC5-4FD4-A0B1-005525BD8B54}',7.02288,43.5568,1,1,NULL),(105,NULL,660,1,NULL,'Promenade de la darse',NULL,'06138',NULL,'chpayet','2020-01-07 13:45:30','chpayet','2020-01-07 13:45:30','{411085D1-A4F3-4E39-9709-492085595DCD}',6.94138,43.5084,2,1,2),(106,NULL,660,2,NULL,'16 rue merle',NULL,'06029',NULL,'chpayet','2020-02-05 09:09:02','chpayet','2020-02-05 09:09:02','{E0F28BC1-4F9A-4056-BD38-CAF334047D72}',7.02358,43.5549,1,1,2),(107,NULL,660,1,NULL,'2 avenue de lerins ',NULL,'06079',NULL,'chpayet','2020-01-07 14:14:19','chpayet','2020-01-07 14:14:19','{76282C61-4738-424A-990C-472E4F439C7A}',6.93461,43.5174,1,1,1),(108,NULL,660,3,NULL,'Rue du chantier naval ',NULL,'06079',NULL,'chpayet','2020-01-07 14:22:47','chpayet','2020-01-07 14:22:47','{FC16C0E2-115F-460A-8555-4C7B659377D8}',6.94145,43.5247,1,1,1),(109,NULL,3000,1,NULL,'2 avenue isola bella',NULL,'06029',NULL,'chpayet','2020-02-05 09:12:49','chpayet','2020-02-05 09:12:49','{F761890A-0194-4B2A-833D-60D6F61CEA5B}',7.02438,43.5558,3,1,2),(110,NULL,750,1,NULL,'Rue du chantier naval ',NULL,'06079',NULL,'chpayet','2020-01-07 14:23:37','chpayet','2020-01-07 14:23:37','{3A394805-A358-4605-85E0-4EEC4C45FF70}',6.94142,43.5247,1,1,1),(111,NULL,660,1,NULL,'Avenue du 29 aout','Angle rue santo reino','06079',NULL,'chpayet','2020-01-07 14:28:43','chpayet','2020-01-07 14:28:43','{2B4A200A-6615-4A3F-9650-73725F1F3AA1}',6.94002,43.5258,1,1,3),(112,NULL,3000,1,NULL,'14 boulevard mont fleury',NULL,'06029',NULL,'chpayet','2020-02-05 09:19:31','chpayet','2020-02-05 09:19:31','{26D18478-7F3C-4907-B5B3-303D99D1F757}',7.02813,43.5552,3,1,2),(113,NULL,660,2,NULL,'32 boulevard de lorraine',NULL,'06029',NULL,'chpayet','2020-02-05 09:37:24','chpayet','2020-02-05 09:37:24','{A8E87FB9-73E1-4FF2-8978-699903F215FA}',7.02763,43.5531,1,1,2),(114,NULL,660,2,NULL,'1 boulevard de lorraine ',NULL,'06029',NULL,'chpayet','2020-02-05 09:46:31','chpayet','2020-02-05 09:46:31','{7A4C34AE-540E-4B41-B3BD-56D96BDB4A4D}',7.02535,43.5538,1,1,NULL),(115,NULL,660,2,NULL,'Rond point duboys d angers',NULL,'06029',NULL,'chpayet','2020-02-05 10:07:16','chpayet','2020-02-05 10:07:16','{E98353A2-4D03-40EF-B272-B85A69A912F7}',7.02541,43.5517,1,1,2),(116,NULL,3000,1,NULL,'Square merimee',NULL,'06029',NULL,'chpayet','2020-02-05 10:23:59','chpayet','2020-02-05 10:23:59','{7856B04E-AAC3-4F27-9A14-B251EDF9BFE2}',7.01738,43.5517,4,1,4),(117,NULL,5000,4,NULL,'Allées de la liberte',NULL,'06029',NULL,'chpayet','2020-02-05 10:27:59','chpayet','2020-02-05 10:27:59','{357665EF-0413-449B-B95F-A7761B6E97A2}',7.01607,43.5518,3,1,2),(118,NULL,750,1,NULL,'Avenue du 29 août ',NULL,'06079',NULL,'chpayet','2020-01-07 14:32:38','chpayet','2020-01-07 14:33:12','{92BD1D50-4BEA-4C14-9C6C-CF4D5D1EF2D4}',6.94059,43.5245,1,1,3),(119,NULL,660,1,NULL,'Avenue du 29 aout',NULL,'06079',NULL,'chpayet','2020-01-07 14:34:07','chpayet','2020-01-07 14:34:07','{E795B970-D64E-4623-B93E-5A33AE84BE57}',6.94056,43.5245,2,1,2),(120,NULL,660,2,NULL,'Quai saint pierre ',NULL,'06029',NULL,'chpayet','2020-02-05 10:40:44','chpayet','2020-02-05 10:40:44','{D833DA98-2850-4F55-A8B8-D417D92BE72B}',7.01245,43.5492,1,1,2),(121,NULL,660,1,NULL,'Rue de la poste',NULL,'06079',NULL,'chpayet','2020-01-07 14:36:24','chpayet','2020-01-07 14:36:24','{AF15D300-961D-4A95-966E-0476A47873C0}',6.94039,43.5235,1,1,2),(122,NULL,660,1,NULL,'Rue de la poste',NULL,'06079',NULL,'chpayet','2020-01-07 14:37:35','chpayet','2020-01-07 14:37:35','{46474318-3973-46EA-B040-7FBBBE02C6C8}',6.94035,43.5235,1,1,3),(123,NULL,660,1,NULL,'Rue des hautes roches',NULL,'06079',NULL,'chpayet','2020-01-07 14:41:04','chpayet','2020-01-07 14:41:04','{E802E801-C42A-4F66-8F67-DC4FB91F26CB}',6.93991,43.5243,1,1,2),(124,NULL,660,1,NULL,'Chemin des gongues',NULL,'06079',NULL,'chpayet','2020-01-09 13:47:50','chpayet','2020-01-09 13:47:50','{9826323F-CE7F-47D0-AD34-E7165671B46C}',6.91837,43.5252,1,1,2),(125,NULL,3000,1,NULL,'Square général Leclerc ',NULL,'06029',NULL,'chpayet','2020-02-05 10:44:41','chpayet','2020-02-05 10:44:41','{7B374249-1C7E-4385-B525-987CDDC4A262}',7.01202,43.5482,3,1,2),(126,NULL,660,2,NULL,'Chemin de Maure vieil',NULL,'06079',NULL,'chpayet','2020-01-09 13:52:45','chpayet','2020-01-09 13:52:45','{85361610-64F5-4B6D-A383-6B4D8223E5F0}',6.91393,43.525,2,1,3),(127,NULL,660,1,NULL,'11 bd Victor tuby',NULL,'06029',NULL,'chpayet','2020-02-10 09:03:24','chpayet','2020-02-10 09:03:34','{B295FE8A-A364-4B16-99B6-473AB832134C}',7.01174,43.5529,2,1,2),(128,NULL,660,1,NULL,'Avenue de frejus',NULL,'06079',NULL,'chpayet','2020-01-09 14:11:03','chpayet','2020-01-09 14:11:03','{744E5529-D585-47E8-86C8-E1AF6BAED8A2}',6.92613,43.5266,2,1,3),(129,NULL,340,1,NULL,'Impasse saint claude',NULL,'06030',NULL,'chpayet','2020-03-10 08:58:58','chpayet','2020-03-10 08:58:58','{5F8A550E-7D06-4523-B2DE-75CAC4A8EDC3}',7.01974,43.5713,NULL,1,2),(130,NULL,5000,1,NULL,'1 rue Félix faure',NULL,'06029',NULL,'chpayet','2020-02-10 09:09:45','chpayet','2020-02-10 09:09:45','{4AD3BD78-FCC0-41F4-A39E-D3E314B35C8C}',7.01214,43.5511,3,1,2),(131,NULL,660,1,NULL,'60 boulevard Paul doumer',NULL,'06030',NULL,'chpayet','2020-09-01 09:08:11','chpayet','2020-09-01 09:08:11','{615ED45F-7E3D-49F3-879A-8BCD30DCCF94}',7.00961,43.5702,2,1,NULL),(132,NULL,340,4,NULL,'12 rue mont chevalier',NULL,'06029',NULL,'chpayet','2020-02-10 09:13:11','chpayet','2020-02-10 09:13:11','{8681A9AD-53EF-4A9B-A1BE-2D15E48A90F9}',7.01119,43.5502,2,1,2),(133,NULL,4000,1,NULL,'Square clemenceau',NULL,'06029',NULL,'chpayet','2020-02-10 09:17:56','chpayet','2020-02-10 09:22:47','{5CCB390A-798B-44E7-8477-C06BD24763DC}',7.00876,43.5492,4,1,4),(134,NULL,5000,1,NULL,'Square Frédéric mistral ',NULL,'06029',NULL,'chpayet','2020-02-10 09:41:50','chpayet','2020-02-10 09:41:50','{E755A6D9-6C1B-441B-BD49-E6E31C782E7E}',7.00743,43.5489,3,1,NULL),(135,NULL,4000,1,NULL,'Square Frédéric mistral ',NULL,'06029','Accès avec clef ','chpayet','2020-02-10 09:49:32','chpayet','2020-02-10 09:49:32','{CFB0FE37-3521-40FC-B55B-1C5F4BF9ADBC}',7.00622,43.549,3,1,NULL),(136,NULL,660,1,NULL,'12 boulevard de moulin',NULL,'06029',NULL,'chpayet','2020-02-10 10:12:50','chpayet','2020-02-10 10:12:50','{D4C1BC5F-8FC7-4EB5-B901-4C98EC209EF5}',7.00707,43.554,2,1,2),(137,NULL,750,2,NULL,'Avenue Robert Schuman ',NULL,'06079',NULL,'chpayet','2020-01-09 14:37:02','chpayet','2020-01-09 14:37:25','{0C31F0A3-54AA-46F5-9B7D-6AD3A6839AEC}',6.91785,43.539,2,1,NULL),(138,NULL,660,1,NULL,'12 rue Guy de maupassant',NULL,'06029',NULL,'chpayet','2020-02-10 10:15:00','chpayet','2020-02-10 10:15:00','{C4FB0961-AEA4-478F-8D80-5895221E6FA3}',7.00785,43.5543,2,1,2),(139,NULL,660,2,NULL,'17 rue marius monti',NULL,'06029',NULL,'chpayet','2020-02-10 10:17:53','chpayet','2020-02-10 10:17:53','{DACE8E73-B716-4691-B02B-5998309EB05E}',7.00831,43.5561,2,1,2),(140,NULL,660,2,NULL,'Impasse mouraillle',NULL,'06029',NULL,'chpayet','2020-02-10 10:20:55','chpayet','2020-02-10 10:20:55','{6F1313A5-B78E-44DB-AD9F-2431DB6E7A4F}',7.00829,43.5567,2,1,NULL),(141,NULL,660,1,NULL,'10 rue des vosges',NULL,'06029',NULL,'chpayet','2020-02-10 10:34:11','chpayet','2020-02-10 10:34:11','{DDA7EDB3-5B95-4713-9B78-E976CA2356DF}',7.00851,43.5577,2,1,2),(142,NULL,660,6,NULL,'Avenue Robert Schuman ',NULL,'06079',NULL,'chpayet','2020-01-09 14:35:51','chpayet','2020-01-09 14:38:13','{80EA24D1-D67F-4A79-B041-87DE1A7F696F}',6.91785,43.5389,2,1,NULL),(143,NULL,660,2,NULL,'21 boulevard Victor tuby',NULL,'06029',NULL,'chpayet','2020-02-07 12:51:06','chpayet','2020-02-07 12:53:28','{0CC6B730-C9E6-4F06-9DDE-69FCC62E5D6E}',7.01096,43.5525,1,1,2),(144,NULL,3000,2,NULL,'Angle Victor tu y et rue des suisses',NULL,'06029',NULL,'chpayet','2020-02-07 12:58:55','chpayet','2020-02-07 12:58:55','{40A44A12-F511-40E5-9799-745E0500626A}',7.00947,43.5517,3,1,2),(145,NULL,660,4,NULL,'25 avenue de grasse',NULL,'06029',NULL,'chpayet','2020-02-07 13:48:39','chpayet','2020-02-07 13:48:39','{6B74BECA-8EAD-46B9-A6C6-432C8707E9B2}',7.01506,43.5549,1,1,2),(146,NULL,660,1,NULL,'10 avenue Jean de lattre de tassigny ',NULL,'06029',NULL,'chpayet','2020-02-07 13:53:08','chpayet','2020-02-07 13:53:08','{F57F2BD3-AA5D-447F-ACCA-2F5DC4ABBF85}',7.01401,43.5556,2,1,2),(147,NULL,660,2,NULL,'34 avenue de lattre de tassigny ',NULL,'06029',NULL,'chpayet','2020-02-07 13:56:50','chpayet','2020-02-07 13:56:50','{DF7B70AE-0643-44E8-8A7B-52C1EFEA6F37}',7.01155,43.5561,1,1,2),(148,NULL,660,1,NULL,'8 rue romanille ',NULL,'06029',NULL,'chpayet','2020-02-07 13:58:37','chpayet','2020-02-07 13:58:37','{0064C716-9DC7-4F8A-BC80-760FC1CD075B}',7.01258,43.5574,1,1,2),(149,NULL,660,1,NULL,'54 avenue saint louis',NULL,'06029',NULL,'chpayet','2020-02-07 14:00:14','chpayet','2020-02-07 14:00:33','{7F356789-B1D8-4CF5-9B01-908F9DC7AE37}',7.01265,43.5581,2,1,2),(150,NULL,3000,1,NULL,'1 boulevard delaup',NULL,'06029',NULL,'chpayet','2020-02-07 14:09:32','chpayet','2020-02-07 14:09:32','{1334A329-03B5-4821-980B-15B452362D3F}',7.01132,43.5554,3,1,2),(151,NULL,750,1,NULL,'Rue sergent gazan',NULL,'06029',NULL,'chpayet','2020-02-10 08:09:15','chpayet','2020-02-10 08:09:15','{AB52C654-DA6A-4DB6-B49F-C850016868A9}',7.01307,43.5555,1,1,2),(152,NULL,660,2,NULL,'Rue sergent gazan',NULL,'06029',NULL,'chpayet','2020-02-10 08:09:58','chpayet','2020-02-10 08:09:58','{4FFCC390-DE68-4BEE-BDF4-73FF56D4B5E7}',7.01306,43.5554,1,1,2),(153,NULL,660,1,NULL,'103 avenue de lattée de tassigny',NULL,'06029',NULL,'chpayet','2020-02-10 10:40:57','chpayet','2020-02-10 10:40:57','{B6FF2DF8-BEE6-4906-A605-8EAAFAD53D36}',7.0085,43.5637,1,1,2),(154,NULL,4000,1,NULL,'93 avenue jean de lattre de tassigny ',NULL,'06029',NULL,'chpayet','2020-02-10 10:45:00','chpayet','2020-02-10 10:45:05','{E79DA173-76FB-4C5F-B702-A2F9DB9FB800}',7.00998,43.5623,4,1,4),(155,NULL,660,1,NULL,'62 avenue saint jean',NULL,'06029',NULL,'chpayet','2020-02-10 10:50:38','chpayet','2020-02-10 10:50:38','{F33431C1-F1C4-4EDE-85F8-9766A222FF64}',7.01256,43.5591,2,1,2),(156,NULL,660,2,NULL,'Traverse du petit juas',NULL,'06029',NULL,'chpayet','2020-02-10 10:52:34','chpayet','2020-02-10 10:52:34','{851B9475-F965-4CCD-9B58-D1649881622E}',7.0136,43.5581,1,1,2),(157,NULL,660,2,NULL,'27 avenue saint jean',NULL,'06029',NULL,'chpayet','2020-02-10 10:54:09','chpayet','2020-02-10 10:54:09','{5EBD54EA-8264-4DF8-B3AA-99B9C059C6C0}',7.01433,43.5575,2,1,NULL),(158,NULL,3000,1,NULL,'Avenue reine Astrid ',NULL,'06029',NULL,'chpayet','2020-02-10 13:50:45','chpayet','2020-02-10 13:50:45','{694FFA17-0C34-478C-9F36-B37989A196DE}',7.03912,43.5393,4,1,NULL),(159,NULL,660,2,NULL,'Avenue du grand pin',NULL,'06029',NULL,'chpayet','2020-02-10 14:29:51','chpayet','2020-02-10 14:29:51','{B8A4278C-9986-416B-8655-3E3F7374AA19}',7.02504,43.5599,1,1,2),(160,NULL,660,2,NULL,'18 bd delaup',NULL,'06029',NULL,'chpayet','2020-02-11 13:01:17','chpayet','2020-02-11 13:01:17','{8FF4896D-C2BF-4321-A406-A9AF25045B2B}',7.0109,43.5571,1,1,2),(161,NULL,660,2,NULL,'22 rue Jean nobles',NULL,'06029',NULL,'chpayet','2020-02-11 13:04:29','chpayet','2020-02-11 13:04:29','{68A1CFFA-2D63-4E7A-8EDB-8D72E09A2E71}',7.01065,43.5581,1,1,2),(162,NULL,660,1,NULL,'22 rue de la croix',NULL,'06029',NULL,'chpayet','2020-02-10 08:11:58','chpayet','2020-02-10 08:11:58','{894184F6-C05B-4BF7-9E2F-09C389B31B07}',7.01285,43.5546,2,1,2),(163,NULL,5000,1,NULL,'Rue Félix Faure ',NULL,'06029',NULL,'chpayet','2020-01-28 08:52:12','chpayet','2020-01-28 08:52:12','{67E342DC-C2DB-460F-856A-C8DD7E956F1C}',7.01523,43.5522,5,1,NULL),(164,NULL,5000,1,NULL,'Rue Félix Faure ',NULL,'06029',NULL,'chpayet','2020-01-28 08:57:12','chpayet','2020-01-28 08:57:12','{2688A994-BD65-49D8-BB0F-83F250E6D53B}',7.01446,43.5521,5,1,NULL),(165,NULL,660,2,NULL,'3 traverse bel air',NULL,'06029',NULL,'chpayet','2020-02-10 08:15:20','chpayet','2020-02-10 08:15:20','{3C49B40A-3262-47C2-98BA-5D6CC6E5D543}',7.01431,43.5544,2,1,2),(166,NULL,660,4,NULL,'2 rue Louis Blanc ',NULL,'06029',NULL,'chpayet','2020-01-28 09:02:47','chpayet','2020-01-28 09:02:47','{C4F6330E-BD9B-4899-8D92-C5E3EC28141D}',7.01347,43.5516,1,1,2),(167,NULL,750,6,NULL,'Marché forville',NULL,'06029',NULL,'chpayet','2020-01-28 09:10:13','chpayet','2020-01-28 09:10:13','{80152F7F-C051-47FB-A044-1F4C30BFD23A}',7.01282,43.5524,1,1,2),(168,NULL,660,2,NULL,'Rue du lac',NULL,'06029',NULL,'chpayet','2020-02-10 08:23:14','chpayet','2020-02-10 08:23:14','{99DA0C1C-CCF1-4651-B523-ACF8A0D6DEC9}',7.00789,43.5547,2,1,2),(169,NULL,660,4,NULL,'Place marché forville ',NULL,'06029',NULL,'chpayet','2020-01-28 09:11:32','chpayet','2020-01-28 09:11:32','{2C4E64AF-ABFC-472C-8B93-7F32D456DC36}',7.01278,43.5523,1,1,2),(170,NULL,4000,1,NULL,'Marché forville ',NULL,'06029',NULL,'chpayet','2020-01-28 09:15:41','chpayet','2020-01-28 09:15:41','{6AA22713-3864-4E13-8BB1-E945DF3F1219}',7.01161,43.5521,3,1,2),(171,NULL,660,2,NULL,'54 boulevard du moulin ',NULL,'06029',NULL,'chpayet','2020-02-10 08:26:07','chpayet','2020-02-10 08:26:07','{BD290E3A-CFE4-4E11-9677-7F0B67DF551B}',7.00618,43.5556,1,1,2),(172,NULL,4000,4,NULL,'Rue hoche',NULL,'06029','Borne à télécommande 3 trappes au sol et une borne surélevée ','chpayet','2020-01-28 08:41:41','chpayet','2020-01-28 09:18:19','{60A84588-BCBB-49CA-9C15-A241DCAD2B5A}',7.01892,43.5531,4,1,4),(173,NULL,4000,2,NULL,'Marché forville ',NULL,'06029',NULL,'chpayet','2020-01-28 09:20:15','chpayet','2020-01-28 09:20:15','{A90ADD48-331D-4BC8-934E-074A31BF6E1C}',7.0116,43.5517,3,1,2),(174,NULL,660,1,NULL,'14 rue du pont saint Victor ',NULL,'06029',NULL,'chpayet','2020-02-10 08:28:31','chpayet','2020-02-10 08:28:31','{D3842230-F5AD-4926-A1BF-7D7DA1048312}',7.0055,43.5562,1,1,2),(175,NULL,660,2,NULL,'31 rue pont saint victor',NULL,'06029',NULL,'chpayet','2020-02-10 08:31:57','chpayet','2020-02-10 08:31:57','{E8EFC691-A2F3-4BC0-8354-DE9FB3B144FF}',7.00459,43.5566,2,1,2),(176,NULL,660,1,NULL,'28 rue pont saint Victor ',NULL,'06029',NULL,'chpayet','2020-02-10 08:35:44','chpayet','2020-02-10 08:35:44','{4E5BD456-713B-4487-9028-C363124E03B7}',7.0041,43.5556,2,1,2),(177,NULL,660,1,NULL,'19 chemin du vallon provencal',NULL,'06029',NULL,'chpayet','2020-02-10 08:39:36','chpayet','2020-02-10 08:39:36','{AD12E89F-EA46-412C-8B2F-74091D55D9E1}',7.00326,43.5541,2,1,2),(178,NULL,660,2,NULL,'12 rue du pont romain',NULL,'06029',NULL,'chpayet','2020-02-10 08:47:42','chpayet','2020-02-10 08:47:42','{B35EBB48-E8E4-4F26-9B51-1667D5C7C0F3}',7.00744,43.5529,2,1,2),(179,NULL,660,3,NULL,'2 boulevard guynemer',NULL,'06029',NULL,'chpayet','2020-02-10 08:52:22','chpayet','2020-02-10 08:52:22','{EC13F30B-F528-4B6B-BF35-74300D94084C}',7.01174,43.5536,1,1,2),(180,NULL,660,2,NULL,'Rue docteur budin',NULL,'06029',NULL,'chpayet','2020-02-10 08:56:01','chpayet','2020-02-10 08:56:01','{EA585A1D-804C-473C-82FE-7A77F16F02D7}',7.0118,43.5531,2,1,2),(181,NULL,660,3,NULL,'3 rue de Belfort ',NULL,'06029',NULL,'chpayet','2020-02-11 12:58:40','chpayet','2020-02-11 12:58:40','{E7FF8E01-5CC2-4F1F-B590-98C1382BB64C}',7.0104,43.5567,1,1,2),(182,NULL,660,2,NULL,'1 rue reyer',NULL,'06029',NULL,'chpayet','2020-02-12 08:13:26','chpayet','2020-02-12 08:13:26','{469720A0-8C75-4E95-9E9B-1B46B6C0B23E}',7.01842,43.5611,1,1,NULL),(183,NULL,660,2,NULL,'15 avenue docteur bernard',NULL,'06029',NULL,'chpayet','2020-02-11 13:09:33','chpayet','2020-02-11 13:09:33','{A05765CA-2FB7-4C19-82CE-7A3FD0F00B70}',7.01223,43.5602,2,1,2),(184,NULL,750,1,NULL,'Parking pointe croisette',NULL,'06029',NULL,'chpayet','2020-02-12 09:49:43','chpayet','2020-02-12 09:49:43','{150CF591-B368-4B57-AFBF-AC1D41793DFE}',7.03815,43.5364,2,1,2),(185,NULL,4000,1,NULL,'8 avenue saint louis',NULL,'06029',NULL,'chpayet','2020-02-11 13:17:10','chpayet','2020-02-11 13:17:10','{09AAC1AB-C930-4F95-A373-4232230DFC15}',7.01493,43.5564,4,1,4),(186,NULL,660,2,NULL,'7 allée du parc des vallergues',NULL,'06029',NULL,'chpayet','2020-02-11 13:24:09','chpayet','2020-02-11 13:24:09','{994F7F0E-5687-403E-BBE7-00A185978E77}',7.01073,43.5602,1,1,2),(187,NULL,660,1,NULL,'Parking pointe Croisette ',NULL,'06029',NULL,'chpayet','2020-02-12 09:50:23','chpayet','2020-02-12 09:50:23','{A6D73F01-7917-4467-893A-99703C052095}',7.0382,43.5364,2,1,2),(188,NULL,660,4,NULL,'243 avenue de grasse',NULL,'06029',NULL,'chpayet','2020-02-11 13:34:22','chpayet','2020-02-11 13:34:22','{C0AADCD0-4CF5-4B59-99A6-806DEF08D935}',7.00286,43.5625,2,1,2),(189,NULL,3000,1,NULL,'Bd du riou',NULL,'06029',NULL,'chpayet','2020-02-11 13:48:59','chpayet','2020-02-11 13:48:59','{9EBE77DD-5891-464B-9521-EA8D0D5B1DC6}',7.00157,43.562,4,1,4),(190,NULL,660,2,NULL,'Place de l etang',NULL,'06029',NULL,'chpayet','2020-02-12 10:18:37','chpayet','2020-02-12 10:18:37','{340EA51A-7BCC-4D34-8944-517A13C0556A}',7.03759,43.5388,1,1,1),(191,NULL,660,2,NULL,'Place de l etang',NULL,'06029',NULL,'chpayet','2020-02-12 10:19:18','chpayet','2020-02-12 10:19:18','{D6FEBA0D-FDCB-4D9C-B93E-8A9EBF55585A}',7.03757,43.5388,1,1,2),(192,NULL,660,3,NULL,'24 avenue du camp long',NULL,'06029',NULL,'chpayet','2020-02-13 09:29:01','chpayet','2020-02-13 09:29:01','{C24C0E3A-BEEA-4E5C-9B3E-57070749F51C}',7.02001,43.564,1,1,2),(193,NULL,660,1,NULL,'45 avenue Paul doumer',NULL,'06030',NULL,'chpayet','2020-02-13 09:40:08','chpayet','2020-02-13 09:40:08','{547B17E2-D7B1-4757-9017-D5D7A1C11A1D}',7.01123,43.5687,2,1,2),(194,NULL,660,2,NULL,'Impasse de l horloge',NULL,'06030',NULL,'chpayet','2020-02-13 09:43:56','chpayet','2020-02-13 09:43:56','{189121FD-93AE-4CAD-9BE7-7BB2127D8C91}',7.00749,43.5704,1,1,2),(195,NULL,660,1,NULL,'82 boulevard Paul doumer',NULL,'06030',NULL,'chpayet','2020-02-13 09:47:39','chpayet','2020-02-13 09:47:39','{2FA03D7E-8081-4044-A832-D1A2246FA6E2}',7.00831,43.5702,2,1,2),(196,NULL,660,1,NULL,'20 boulevard du nord',NULL,'06030',NULL,'chpayet','2020-02-13 09:49:50','chpayet','2020-02-13 09:49:50','{03E9D621-7830-4CD5-89C4-BDEEBC34DE8C}',7.00675,43.5702,2,1,2),(197,NULL,660,1,NULL,'31 boulevard Jacques monod',NULL,'06030',NULL,'chpayet','2020-02-13 10:07:52','chpayet','2020-02-13 10:07:52','{A1C71622-8F9A-41E5-B074-49303B0DDAD4}',6.99587,43.5725,2,1,NULL),(198,NULL,660,1,NULL,'98 boulevard Jacques monod',NULL,'06030',NULL,'chpayet','2020-02-13 10:09:37','chpayet','2020-02-13 10:09:37','{4B2180A9-4DDF-4910-97E4-2C158A20BBE4}',6.99637,43.5733,2,1,1),(199,NULL,660,6,NULL,'Place pierre sauvaigo',NULL,'06030',NULL,'chpayet','2020-02-13 10:16:09','chpayet','2020-02-13 10:16:09','{BD7B36C4-6E26-469F-957C-2E71ED7D9EE4}',6.99474,43.5698,1,1,1),(200,NULL,660,1,NULL,'71 boulevard de la république ',NULL,'06030',NULL,'chpayet','2020-02-13 10:24:56','chpayet','2020-02-13 10:24:56','{33389C38-609F-4B45-843D-F9601440C4D4}',6.99227,43.5678,2,1,2),(201,NULL,660,1,NULL,'Chemin de l olivet',NULL,'06030',NULL,'chpayet','2020-02-13 10:28:47','chpayet','2020-02-13 10:28:47','{2C371AA5-29AA-4F21-836D-FC90B521C0D4}',6.99246,43.5677,2,1,2),(202,NULL,3000,1,NULL,'Boulevard leader',NULL,'06029',NULL,'chpayet','2020-02-13 10:33:18','chpayet','2020-02-13 10:33:18','{F2AED0B5-2795-4D9E-806C-0F15E52DDC93}',6.98924,43.566,3,1,2),(203,NULL,660,1,NULL,'102 boulevard du perrier',NULL,'06030',NULL,'chpayet','2020-02-13 10:37:28','chpayet','2020-02-13 10:37:28','{A4B1E06C-CC3C-4389-A447-7223F7041A37}',6.98897,43.5665,2,1,2),(204,NULL,3000,1,NULL,'Rue Marco del ponte',NULL,'06029',NULL,'chpayet','2020-02-13 12:25:09','chpayet','2020-02-13 12:25:09','{9D363CA6-622A-489A-B1A2-1A477185BBDD}',6.98034,43.5491,3,1,2),(205,NULL,660,1,NULL,'Avenue sainte rosalie',NULL,'06029',NULL,'chpayet','2020-02-13 12:36:22','chpayet','2020-02-13 12:36:22','{BE807995-044A-4129-B08B-0F69EEF3B1FA}',6.97687,43.5528,2,1,2),(206,NULL,3000,1,NULL,'53 avenue Michel jourdan',NULL,'06029',NULL,'chpayet','2020-02-13 12:41:03','chpayet','2020-02-13 12:41:03','{E1DE9C8C-A5BF-4C37-847E-F4E3B394F5B9}',6.97455,43.5532,4,1,4),(207,NULL,660,2,NULL,'76 avenue maréchal Gallieni ',NULL,'06029',NULL,'chpayet','2020-02-12 08:18:50','chpayet','2020-02-12 08:18:50','{E9AED641-D709-4B89-A7CB-B16CAA72FCD4}',7.01793,43.5593,1,1,2),(208,NULL,660,2,NULL,'56 boulevard carnot',NULL,'06030',NULL,'chpayet','2020-03-10 09:04:29','chpayet','2020-03-10 09:04:29','{84157DB2-CA49-4974-AF9A-8ABBCE8179A7}',7.0162,43.574,1,1,2),(209,NULL,3000,1,NULL,'15 rue Boucicaut ',NULL,'06029',NULL,'chpayet','2020-02-12 08:24:49','chpayet','2020-02-12 08:24:49','{3E31F7EB-19C2-4AEB-9DBC-A7CD76B58517}',7.02092,43.5581,4,1,4),(210,NULL,660,2,NULL,'113 boulevard de la république ',NULL,'06029',NULL,'chpayet','2020-02-13 08:20:39','chpayet','2020-02-13 08:20:39','{A5E825B7-E4CB-48EA-B462-EF09F61B8830}',7.02084,43.5595,2,1,2),(211,NULL,660,1,NULL,'Rue marius aune',NULL,'06029',NULL,'chpayet','2020-02-12 08:33:30','chpayet','2020-02-12 08:33:30','{2653C35B-C123-42F9-B6A6-FA71E3DCC4CC}',7.0181,43.5555,1,1,2),(212,NULL,660,5,NULL,'Avenue maréchal Gallieni ',NULL,'06029',NULL,'chpayet','2020-02-12 08:35:50','chpayet','2020-02-12 08:35:50','{8336E325-2ED8-41C3-B4C2-24A7344967DE}',7.01853,43.5547,1,1,2),(213,NULL,660,3,NULL,'Parking migno',NULL,'06029',NULL,'chpayet','2020-02-13 08:34:15','chpayet','2020-02-13 08:34:15','{A5EFA6A6-94F7-4D64-A699-A404CEB6E36B}',7.0214,43.5608,2,1,2),(214,NULL,660,3,NULL,'25 rue merle ',NULL,'06029',NULL,'chpayet','2020-02-12 08:39:33','chpayet','2020-02-12 08:39:33','{1B530DF3-B419-4473-8CFF-399A0F23481F}',7.0226,43.555,1,1,2),(215,NULL,660,1,NULL,'Bd d alsace',NULL,'06029',NULL,'chpayet','2020-02-12 08:44:54','chpayet','2020-02-12 08:44:54','{A0B5D0CF-2A91-4035-80ED-DB73DD24CC9E}',7.02016,43.5545,2,1,2),(216,NULL,3000,1,NULL,'177 avenue de la république ',NULL,'06029',NULL,'chpayet','2020-02-13 08:42:45','chpayet','2020-02-13 08:42:45','{0DF0E333-6240-4206-A8CF-9D6C66A7C79C}',7.02098,43.5628,3,1,NULL),(217,NULL,660,2,NULL,'Rue Roger renaudie',NULL,'06029',NULL,'chpayet','2020-02-12 08:49:40','chpayet','2020-02-12 08:49:40','{C0C796E7-B476-4918-B349-06E879E5C53C}',7.02052,43.5555,2,1,2),(218,NULL,3000,1,NULL,'31 rue de mimont',NULL,'06029',NULL,'chpayet','2020-02-12 08:54:03','chpayet','2020-02-12 08:54:03','{16AD2DEB-70F2-42BA-BCD5-1B3E26AF78B8}',7.02225,43.5554,3,1,NULL),(219,NULL,3000,1,NULL,'8 avenue des coteaux ',NULL,'06029',NULL,'chpayet','2020-02-13 08:50:01','chpayet','2020-02-13 08:50:01','{D893C818-360C-4BAB-9AB9-EE9ABE22791C}',7.02256,43.5662,4,1,4),(220,NULL,660,2,NULL,'35 bd d alsace',NULL,'06029',NULL,'chpayet','2020-02-12 08:57:31','chpayet','2020-02-12 08:57:31','{AB7DAC2E-EDD7-4CDB-8277-3CE42CFBA09E}',7.02454,43.5541,2,1,2),(221,NULL,660,2,NULL,'28 bd d alsace',NULL,'06029',NULL,'chpayet','2020-02-12 08:59:54','chpayet','2020-02-12 08:59:54','{0BC2F16D-E000-4365-82E7-6829BDBDFC48}',7.02285,43.5542,2,1,2),(222,NULL,660,5,NULL,'2 avenue Jean mermoz',NULL,'06030',NULL,'chpayet','2020-02-13 09:05:36','chpayet','2020-02-13 09:05:36','{E5BB426C-9518-4095-8EFA-72FE5FE024B1}',7.0228,43.5753,1,1,2),(223,NULL,4000,2,NULL,'Rue venizelos',NULL,'06029',NULL,'chpayet','2020-02-12 09:05:42','chpayet','2020-02-12 09:05:42','{8DC0A09C-0EBD-42E2-BB31-CB86BC1FD0DA}',7.01727,43.5537,4,1,NULL),(224,NULL,750,8,NULL,'Place gambetta',NULL,'06029',NULL,'chpayet','2020-02-12 09:15:12','chpayet','2020-02-12 09:15:12','{F78F1D4B-F3C2-40B9-964B-451B6AAFCA60}',7.02274,43.5537,1,1,2),(225,NULL,340,1,NULL,'2 avenue Jean mermoz',NULL,'06030',NULL,'chpayet','2020-02-13 09:06:18','chpayet','2020-02-13 09:06:18','{BC57A160-CFD5-4039-A2A3-5350DC9BCD56}',7.02287,43.5753,1,1,2),(226,NULL,750,1,NULL,'9 rue du canada',NULL,'06029',NULL,'chpayet','2020-02-12 09:23:36','chpayet','2020-02-12 09:23:36','{8BD5B6AC-7FC5-43B6-9F07-8B020D3360F2}',7.02811,43.5504,1,1,2),(227,NULL,660,1,NULL,'9 rue du canada',NULL,'06029',NULL,'chpayet','2020-02-12 09:24:18','chpayet','2020-02-12 09:24:18','{1BC3C611-C52A-4DFB-9BF6-DEC3015F6C6A}',7.02803,43.5504,1,1,2),(228,NULL,660,3,NULL,'25 rue de cannes',NULL,'06030',NULL,'chpayet','2020-02-13 09:15:49','chpayet','2020-02-13 09:15:49','{5B05D0BA-ECF0-443E-AB12-319E81C42E79}',7.02038,43.573,2,1,2),(229,NULL,3000,1,NULL,'30 rue pasteur',NULL,'06029',NULL,'chpayet','2020-02-12 09:28:05','chpayet','2020-02-12 09:28:05','{34078BB5-BAA6-4395-9D59-026ADC3B7918}',7.02901,43.5495,3,1,2),(230,NULL,4000,1,NULL,'Square croisette',NULL,'06029',NULL,'chpayet','2020-02-12 09:36:56','chpayet','2020-02-12 09:36:56','{3BCD9041-5D69-4B8E-A46A-21A4E7201F8F}',7.03276,43.5462,3,1,2),(231,NULL,660,2,NULL,'Rue goupillieres',NULL,'06030',NULL,'chpayet','2020-02-13 09:21:14','chpayet','2020-02-13 09:21:14','{4784112D-AB74-4CB6-8BA0-D5972E6AAA00}',7.01856,43.5697,2,1,2),(232,NULL,660,1,NULL,'104 avenue Michel Jourdan ',NULL,'06029',NULL,'chpayet','2020-02-13 12:50:06','chpayet','2020-02-13 12:50:06','{2DA88D77-6D3A-4F4E-AAD8-009764CCD681}',6.97167,43.5555,1,1,2),(233,NULL,3000,2,NULL,'Rue Amador lopez',NULL,'06029',NULL,'chpayet','2020-04-17 07:50:39','chpayet','2020-04-17 07:50:39','{98218ED9-38E5-4525-89A3-77BCBB533F9C}',6.96325,43.556,3,1,NULL),(234,NULL,750,1,NULL,'Boulevard du midi','Face sicasil','06029',NULL,'chpayet','2020-02-13 13:35:52','chpayet','2020-02-13 13:35:52','{8D5B63B7-DB44-44B5-8323-5AC8D45E47AF}',6.9658,43.5437,1,1,2),(235,NULL,660,4,NULL,'13 chemin des breguieres',NULL,'06030',NULL,'chpayet','2020-03-10 09:14:21','chpayet','2020-03-10 09:14:21','{D2A0BACE-04F8-4C4A-9AA8-8AFE87736BB9}',7.01801,43.5781,2,1,2),(236,NULL,660,1,NULL,'16 boulevard du midi',NULL,'06029',NULL,'chpayet','2020-02-13 13:46:59','chpayet','2020-02-13 13:46:59','{F0F9E2AF-B784-499F-8D67-85B917023A61}',6.9787,43.5474,2,1,2),(237,NULL,660,1,NULL,'Chapelle saint cassien',NULL,'06029',NULL,'chpayet','2020-05-05 06:51:40','chpayet','2020-05-05 06:51:40','{8D3096C3-B352-45A0-AD4F-BD81886A8966}',6.95581,43.55,2,1,1),(238,NULL,3000,3,NULL,'Chemin du caroubiers',NULL,'06029',NULL,'chpayet','2020-04-17 07:56:14','chpayet','2020-04-17 07:56:14','{991EC0F0-72E9-46F4-984B-72BE983FDE6D}',6.9629,43.5564,3,1,NULL),(239,NULL,660,2,NULL,'15 route de valbonne',NULL,'06030',NULL,'chpayet','2020-05-07 07:42:43','chpayet','2020-05-07 07:42:43','{2AA5B136-E949-4AC9-89D8-35D6BC9ED22F}',7.01702,43.578,2,1,2),(240,NULL,3000,2,NULL,'Chemin des rainettes',NULL,'06029',NULL,'chpayet','2020-04-17 07:59:47','chpayet','2020-04-17 07:59:47','{3D2B93EC-E218-41EA-8E4B-DF0C83073DC8}',6.96306,43.5572,3,1,NULL),(241,NULL,3000,2,NULL,'Chemin du caroubier',NULL,'06029',NULL,'chpayet','2020-04-17 08:04:12','chpayet','2020-04-17 08:04:12','{983FA0B1-E02C-4676-8699-6DBC9E071494}',6.96252,43.5575,3,1,NULL),(242,NULL,660,4,NULL,'1 rue Victor hugo',NULL,'06030',NULL,'chpayet','2020-05-07 07:45:03','chpayet','2020-05-07 07:45:03','{53245C74-DFE4-49E6-A962-90176CDA68ED}',7.01694,43.5776,2,1,2),(243,NULL,3000,1,NULL,'146 avenue Michel jourdan',NULL,'06029',NULL,'chpayet','2020-04-17 08:21:39','chpayet','2020-04-17 08:21:39','{D8F695AF-59DF-4EB7-AE63-7F0856CA882B}',6.96854,43.5584,4,1,4),(244,NULL,3000,2,NULL,'Rue Alfred de musset',NULL,'06029',NULL,'chpayet','2020-04-17 08:42:12','chpayet','2020-04-17 08:42:12','{B3130B27-8EF0-41FF-937D-6F7350A6DD4D}',6.96613,43.5697,3,1,NULL),(245,NULL,660,3,NULL,'Rue du cros',NULL,'06030',NULL,'chpayet','2020-05-07 07:51:23','chpayet','2020-05-07 07:51:23','{D4A45321-5DB3-421B-A0F8-3BF8F1F7036C}',7.01719,43.5762,2,1,2),(246,NULL,660,1,NULL,'68 avenue Maurice chevalier ',NULL,'06029',NULL,'chpayet','2020-04-17 10:15:20','chpayet','2020-04-17 10:15:20','{1729D24E-2C12-4A2B-94A2-9A33864D43DD}',6.96193,43.559,1,1,2),(247,NULL,660,1,NULL,'Avenue Georges Pompidou ',NULL,'06030',NULL,'chpayet','2020-04-17 10:49:30','chpayet','2020-04-17 10:49:30','{FB378240-AE8A-4099-B24B-36ACFF61BA14}',6.98175,43.5688,2,1,2),(248,NULL,660,2,NULL,'Rue des hautes breguieres',NULL,'06030',NULL,'chpayet','2020-05-07 08:06:20','chpayet','2020-05-07 08:06:20','{64DBD398-2FAF-49CD-A8F7-B6E0BFE1FF12}',7.02305,43.582,2,1,2),(249,NULL,660,2,NULL,'24 chemin de l estelle',NULL,'06030',NULL,'chpayet','2020-04-17 11:10:58','chpayet','2020-04-17 11:10:58','{06547915-777E-44CF-B924-F8AAF16846CB}',6.99793,43.5716,2,1,2),(250,NULL,660,1,NULL,'790 route de serra capeou ',NULL,'06030',NULL,'chpayet','2020-05-07 08:17:44','chpayet','2020-05-07 08:17:44','{9B20DD89-6ACB-4560-BBAB-EAC24521EFB0}',7.02561,43.5796,2,1,2),(251,NULL,660,1,NULL,'507 route de serra capeou',NULL,'06030',NULL,'chpayet','2020-05-07 08:26:49','chpayet','2020-05-07 08:26:49','{995D472C-1390-4668-83F2-EC0B1F81C4A9}',7.02416,43.5793,2,1,2),(252,NULL,660,1,NULL,'7 avenue victoria',NULL,'06030',NULL,'chpayet','2020-05-07 08:34:58','chpayet','2020-05-07 08:34:58','{BE5EB45E-293E-4E9B-AC08-8A9636D088BC}',7.02445,43.5771,2,1,2),(253,NULL,660,1,NULL,'Avenue loubon',NULL,'06029',NULL,'chpayet','2020-05-07 09:12:52','chpayet','2020-05-07 09:12:52','{755E3BF3-1BDB-40F3-B6E0-3C237A155985}',7.02901,43.5682,2,1,2),(254,NULL,660,1,NULL,'22 Corniche paradis',NULL,'06029',NULL,'chpayet','2020-05-07 09:17:17','chpayet','2020-05-07 09:17:17','{33D295CF-CBD3-4049-83A8-02E0BDAB0078}',7.0356,43.5647,2,1,2),(255,NULL,660,4,NULL,'Corniche paradis',NULL,'06029',NULL,'chpayet','2020-05-07 09:19:22','chpayet','2020-05-07 09:19:22','{20798BA5-CA11-4E34-9CA0-7A8A617B1673}',7.03631,43.5638,2,1,2),(256,NULL,660,2,NULL,'7 rue Louis pastour','Parking forville','06029',NULL,'chpayet','2020-02-18 13:03:38','chpayet','2020-02-18 13:03:38','{7E0767CA-8BFE-4F0F-81B3-7DE70788BC9E}',7.01062,43.553,1,1,2),(257,NULL,660,1,NULL,'21 boulevard beau site',NULL,'06029',NULL,'chpayet','2020-02-18 13:16:41','chpayet','2020-02-18 13:16:41','{B63DB3B5-CB90-485B-84DC-12DCF2E93505}',6.99768,43.5528,2,1,2),(258,NULL,340,1,NULL,'Rue Léandre sardou',NULL,'06029',NULL,'chpayet','2020-04-29 07:49:49','chpayet','2020-04-29 07:49:49','{28CB293D-5B2D-40BE-B723-E244539177CC}',7.02766,43.5583,2,1,NULL),(259,NULL,660,1,NULL,'25 chemin beau site',NULL,'06029',NULL,'chpayet','2020-02-18 13:31:08','chpayet','2020-02-18 13:31:08','{94065BA7-18E7-4692-81F3-CE01363C5408}',6.99725,43.5549,2,1,2),(260,NULL,660,2,NULL,'Route du village ',NULL,'06029',NULL,'chpayet','2020-05-07 07:00:54','chpayet','2020-05-07 07:00:54','{3A29FC81-768A-414E-A337-EA9ACCCD6C6A}',6.99758,43.5651,1,1,2),(261,NULL,660,3,NULL,'Chemin rural dit beausite',NULL,'06029',NULL,'chpayet','2020-02-18 13:34:38','chpayet','2020-02-18 13:34:38','{E16C66A7-F9D2-4022-B865-96F6497EC4B2}',6.9967,43.5526,2,1,2),(262,NULL,3000,5,NULL,'Chemin de l horizon ',NULL,'06085',NULL,'chpayet','2020-04-29 10:24:07','chpayet','2020-04-29 10:24:07','{7D4624AF-1EC9-4F7D-8592-FA2E3CCC6B2F}',6.99465,43.5997,3,1,NULL),(263,NULL,750,1,NULL,'Allée du parc cypris',NULL,'06029',NULL,'chpayet','2020-02-18 13:42:34','chpayet','2020-02-18 13:42:34','{F1873DE4-9645-4F65-88E9-91A2B6B06DF2}',6.995,43.551,2,1,2),(264,NULL,660,1,NULL,'Rue stephen liegeard',NULL,'06029',NULL,'chpayet','2020-02-18 14:09:52','chpayet','2020-02-18 14:09:52','{53CE66E2-2E5C-492E-84D0-42ADF5946EA4}',7.00071,43.5494,2,1,2),(265,NULL,660,3,NULL,'Chemin de l horizon ',NULL,'06085',NULL,'chpayet','2020-04-29 10:26:51','chpayet','2020-04-29 10:26:51','{8C2275EA-5D13-4A12-9D71-4DAB769EAB74}',6.9947,43.5997,1,1,NULL),(266,NULL,660,2,NULL,'64 avenue du docteur Raymond picaud',NULL,'06029',NULL,'chpayet','2020-02-18 14:24:40','chpayet','2020-02-18 14:24:40','{BA6E7E6F-4AC4-45D2-B100-CB7D22CB0FA9}',6.9904,43.5504,1,1,2),(267,NULL,660,2,NULL,'Route du village ',NULL,'06029',NULL,'chpayet','2020-05-07 07:02:57','chpayet','2020-05-07 07:02:57','{17C13666-3AA7-4113-8A52-8AF617A46312}',6.99756,43.5645,2,1,2),(268,NULL,660,2,NULL,'13 rue Antoine brun',NULL,'06029',NULL,'chpayet','2020-02-18 14:34:47','chpayet','2020-02-18 14:34:47','{58C88D0A-28FF-4877-940B-267F12EF3D61}',6.98082,43.55,1,1,2),(269,NULL,660,2,NULL,'166 impasse campane',NULL,'06085',NULL,'chpayet','2020-04-29 10:46:30','chpayet','2020-04-29 10:46:30','{BF070B47-AB34-4848-86E5-F59D2BCBAFC2}',6.99755,43.5882,1,1,2),(270,NULL,3000,1,NULL,'Boulevard louis negrin',NULL,'06029',NULL,'chpayet','2020-02-18 14:47:45','chpayet','2020-02-18 14:47:45','{25B805A1-D4BB-4DBE-B161-78B6EC250C6D}',6.9761,43.5498,3,1,NULL),(271,NULL,3000,2,NULL,'Rue docteur baloux',NULL,'06029',NULL,'chpayet','2020-02-18 14:55:48','chpayet','2020-02-18 14:55:48','{CA182F5A-0D6F-4760-A75A-2FB4BDB54B67}',6.97692,43.5505,4,1,4),(272,NULL,660,1,NULL,'14 avenue Jules ferry',NULL,'06030',NULL,'chpayet','2020-04-29 11:35:52','chpayet','2020-04-29 11:35:52','{063D5C57-44B9-4239-9C1B-587431AE6FDC}',7.0042,43.572,2,1,2),(273,NULL,660,1,NULL,'56 route de valbonne',NULL,'06030',NULL,'chpayet','2020-05-07 07:28:13','chpayet','2020-05-07 07:28:13','{496FEF59-0FCB-434F-B891-DDDDF77AE332}',7.01291,43.5803,2,1,2),(274,NULL,340,1,NULL,'14 avenue Jules ferry',NULL,'06030',NULL,'chpayet','2020-04-29 11:36:40','chpayet','2020-04-29 11:36:40','{6E28D461-4CCF-4B49-83C8-68B4DE0774F9}',7.00419,43.572,2,1,1),(275,NULL,660,1,NULL,'327 avenue de grasse',NULL,'06029',NULL,'chpayet','2020-04-29 12:00:53','chpayet','2020-04-29 12:00:53','{8FEB884F-BEC2-43F8-BB97-0750C974DCCA}',7.00474,43.5677,1,1,2),(276,NULL,660,2,NULL,'36 route de valbonne',NULL,'06030',NULL,'chpayet','2020-05-07 07:32:54','chpayet','2020-05-07 07:32:54','{8E563439-968D-4308-A152-FA7CE3B555F0}',7.01577,43.5783,1,1,2),(277,NULL,660,1,NULL,'311 avenue de grasse',NULL,'06029',NULL,'chpayet','2020-04-29 12:03:26','chpayet','2020-04-29 12:03:26','{38E92A1D-E617-4158-B0A6-429AE301B057}',7.00475,43.5668,2,1,2),(278,NULL,340,1,NULL,'10 impasse beaulieu',NULL,'06029',NULL,'chpayet','2020-04-29 12:14:23','chpayet','2020-04-29 12:14:23','{D2405EAB-393D-43CF-97B5-29AE48F3D9FF}',7.00666,43.5597,2,1,2),(279,NULL,660,1,NULL,'Boulevard cointet',NULL,'06029',NULL,'chpayet','2020-04-29 12:46:16','chpayet','2020-04-29 12:46:16','{81B7530D-8C4E-46D2-82D0-03EE79EEFC58}',6.99672,43.5566,2,1,2),(280,NULL,660,1,NULL,'Corniche du paradis',NULL,'06029',NULL,'chpayet','2020-05-07 09:24:28','chpayet','2020-05-07 09:24:28','{6F700A4D-6C3D-43C0-A49A-D62D226F79AA}',7.03727,43.5637,2,1,2),(281,NULL,750,3,NULL,'150 avenue de grasse','Parking les platanes','06029',NULL,'chpayet','2020-06-02 14:05:34','chpayet','2020-06-02 14:05:34','{A367A54B-43FF-4EDB-A94C-286A84117CBF}',7.00623,43.5584,1,1,2),(282,NULL,660,1,NULL,'Corniche du paradis',NULL,'06029',NULL,'chpayet','2020-05-07 09:29:09','chpayet','2020-05-07 09:29:09','{9AC23E36-A632-4594-ACB1-FF890EA75A94}',7.03803,43.5635,2,1,2),(283,NULL,660,1,NULL,'Vieux chemin de vallauris ',NULL,'06030',NULL,'chpayet','2020-06-22 12:58:55','chpayet','2020-06-22 12:58:55','{B6238196-F6AE-478B-A97E-D61DEE43B229}',7.02647,43.5764,2,1,2),(284,NULL,660,1,NULL,'23 Chemin des collines',NULL,'06029',NULL,'chpayet','2020-05-07 09:41:50','chpayet','2020-05-07 09:41:50','{63BC51E8-8FBE-4C7E-8AC0-4CEB93C4C93E}',7.03993,43.5657,2,1,2),(285,NULL,660,1,NULL,'102 boulevard Paul doumer',NULL,'06030',NULL,'chpayet','2020-06-30 09:14:43','chpayet','2020-06-30 09:14:43','{A6ECD3C2-7DCA-458E-B3B5-2BE8C0E3B937}',7.00637,43.5695,1,1,2),(286,NULL,660,1,NULL,'1609 chemin des collines',NULL,'06030',NULL,'chpayet','2020-06-22 13:08:13','chpayet','2020-06-22 13:08:13','{5B29D4D4-8150-42B4-A323-8F7537A555AA}',7.02956,43.5788,2,1,2),(287,NULL,660,1,NULL,'1773 chemin des collines ',NULL,'06030',NULL,'chpayet','2020-06-22 13:15:46','chpayet','2020-06-22 13:15:46','{DA5B4950-AD8A-4ADF-972F-E291D99A5BCB}',7.03067,43.5771,2,1,2),(288,NULL,3000,1,NULL,'Boulevard de la croisette',NULL,'06029',NULL,'chpayet','2020-06-23 09:21:57','chpayet','2020-06-23 09:21:57','{E74F2DDE-C75E-491C-A01B-F11F683300DF}',7.02164,43.5504,3,1,NULL),(289,NULL,660,1,NULL,'Boulevard général vautrin',NULL,'06029',NULL,'chpayet','2020-06-30 09:51:02','chpayet','2020-06-30 09:51:02','{E9E078E3-389B-4ED1-94F9-71644D020C86}',7.0306,43.5509,2,1,2),(290,NULL,3000,3,NULL,'Rue docteur gerard',NULL,'06029',NULL,'chpayet','2020-06-23 09:30:52','chpayet','2020-06-23 09:30:52','{9EAA56DD-4F33-4272-92E5-A4641EDB7D12}',7.02274,43.551,3,1,NULL),(291,NULL,660,1,NULL,'Impasse fiesole',NULL,'06029',NULL,'chpayet','2020-05-07 10:12:58','chpayet','2020-05-07 10:12:58','{DF3A4CC0-0CBD-48A7-AD70-D651748B473B}',7.04059,43.5599,1,1,2),(292,NULL,340,1,NULL,'2 rue caire',NULL,'06029',NULL,'chpayet','2020-06-24 08:58:29','chpayet','2020-06-24 08:58:29','{04B5C6DF-6683-4145-BDB5-EE6028A7140E}',7.02477,43.5588,1,1,2),(293,NULL,660,1,NULL,'Boulevard saint Georges ',NULL,'06029',NULL,'chpayet','2020-05-07 10:22:13','chpayet','2020-05-07 10:22:13','{F974ED88-5B02-43BB-94A0-0710B790CF0D}',7.04031,43.5537,2,1,2),(294,NULL,660,1,NULL,'2 rue caire',NULL,'06029',NULL,'chpayet','2020-06-24 08:59:27','chpayet','2020-06-24 08:59:27','{0BEDC9FC-14C3-4912-9C0B-4AF6F94A4C04}',7.02472,43.5588,1,1,2),(295,NULL,660,2,NULL,'20 avenue du commandant bret',NULL,'06029',NULL,'chpayet','2020-06-24 09:05:11','chpayet','2020-06-24 09:05:48','{C8206F88-83F7-4187-B6D3-E635AD365B6F}',7.02266,43.5596,2,1,2),(296,NULL,660,1,NULL,'Impasse oxybia',NULL,'06029',NULL,'chpayet','2020-06-24 09:07:20','chpayet','2020-06-24 09:07:20','{841B2270-96E4-4311-AEA6-745A72EE4589}',7.02264,43.56,2,1,2),(297,NULL,660,2,NULL,'46 avenue commandant bret ',NULL,'06029',NULL,'chpayet','2020-06-24 09:21:26','chpayet','2020-06-24 09:21:26','{631DD76A-B871-447D-A0A7-BB3AB392242E}',7.02329,43.5615,1,1,2),(298,NULL,3000,1,NULL,'Boulevard d alsace',NULL,'06029',NULL,'chpayet','2020-05-12 12:26:01','chpayet','2020-05-12 12:26:01','{5DCFFA9C-5C12-421B-B6B1-00D6653E79D4}',7.0345,43.5462,3,1,2),(299,NULL,660,4,NULL,'Impasse des cassiflores',NULL,'06029',NULL,'chpayet','2020-02-10 10:25:36','chpayet','2020-07-31 07:28:58','{8C341835-BF01-4496-BCBC-B2B4E459895C}',7.00523,43.5579,2,1,NULL),(300,NULL,4000,1,NULL,'75 avenue maréchal juin ',NULL,'06029',NULL,'chpayet','2020-05-12 12:37:09','chpayet','2020-05-12 12:37:09','{39FCFAFA-A0D4-469A-8ABA-E0C66F6A0888}',7.03958,43.5484,4,1,4),(301,NULL,3000,1,NULL,'Place saint jin jin',NULL,'06029',NULL,'chpayet','2020-06-11 12:22:52','chpayet','2020-06-11 12:22:52','{57D1795B-1314-4B8A-86CF-9D92C4419262}',7.03856,43.5426,3,1,2),(302,NULL,3000,1,NULL,'26 avenue maréchal juin ',NULL,'06029',NULL,'chpayet','2020-05-12 12:56:14','chpayet','2020-05-12 12:56:14','{9005E421-1392-42BB-AD8A-026C2CF6D2FF}',7.03335,43.5504,3,1,NULL),(303,NULL,660,1,NULL,'14 avenue maréchal juin ',NULL,'06029',NULL,'chpayet','2020-05-12 13:00:31','chpayet','2020-05-12 13:00:31','{D920BC2A-366D-4A8E-93C8-9D3A3FBCA94D}',7.0318,43.5509,1,1,2),(304,NULL,660,2,NULL,'Rue du golfe',NULL,'06029',NULL,'chpayet','2020-06-11 12:31:14','chpayet','2020-06-11 12:31:14','{BBB56C61-8968-41C4-B6B2-4EF19FD369E5}',7.03958,43.5419,1,1,2),(305,NULL,750,1,NULL,'14 avenue maréchal juin ',NULL,'06029',NULL,'chpayet','2020-05-12 13:01:13','chpayet','2020-05-12 13:01:13','{5D5B97A8-CEFF-476A-9216-F86CCB2DF3EB}',7.03185,43.5509,1,1,2),(306,NULL,660,1,NULL,'Avenue d orient',NULL,'06029',NULL,'chpayet','2020-06-11 12:45:48','chpayet','2020-06-11 12:45:48','{A2386FED-1425-41D2-A2FD-CF03C4AA07E6}',7.03062,43.5524,1,1,2),(307,NULL,660,2,NULL,'2 avenue maréchal koenig',NULL,'06029',NULL,'chpayet','2020-06-11 12:51:03','chpayet','2020-06-11 12:51:03','{9C1C83DB-3AEF-4799-B05F-8B8124610F7E}',7.03295,43.5533,2,1,2),(308,NULL,660,2,NULL,'Port canto',NULL,'06029',NULL,'chpayet','2020-06-16 13:48:29','chpayet','2020-06-16 13:48:29','{3B6B126E-3695-43EB-AF04-E2A903403396}',7.03433,43.5443,1,1,2),(309,NULL,660,2,NULL,'Port canto',NULL,'06029',NULL,'chpayet','2020-06-16 13:51:37','chpayet','2020-06-16 13:51:37','{333835C4-6AF2-4EEF-AF33-F404107BAB4C}',7.03217,43.5434,1,1,2),(310,NULL,660,2,NULL,'Port canto ',NULL,'06029',NULL,'chpayet','2020-06-16 13:53:15','chpayet','2020-06-16 13:53:15','{F7CAE1B2-1EEA-487C-8D11-88224FDB3C5D}',7.0319,43.5426,1,1,2),(311,NULL,660,2,NULL,'Port canto ',NULL,'06029',NULL,'chpayet','2020-06-16 13:55:03','chpayet','2020-06-16 13:55:03','{28B45780-36A8-4182-BD16-059F9E0CD364}',7.03164,43.5419,1,1,2),(312,NULL,660,3,NULL,'Port canto ',NULL,'06029',NULL,'chpayet','2020-06-16 13:59:04','chpayet','2020-06-16 13:59:04','{1EF75060-0DB8-4A9C-8B02-49BAC5C500E8}',7.03433,43.5426,1,1,2),(313,NULL,660,5,NULL,'Port canto ',NULL,'06029',NULL,'chpayet','2020-06-16 14:02:28','chpayet','2020-06-16 14:02:28','{6A568695-7CBA-42A7-899C-F175B4402D97}',7.03422,43.5409,1,1,2),(314,NULL,660,2,NULL,'Port canto ',NULL,'06029',NULL,'chpayet','2020-06-16 14:03:54','chpayet','2020-06-16 14:03:54','{1B011552-5470-4388-AC39-7B53BC819DEA}',7.03364,43.5409,2,1,2),(315,NULL,660,2,NULL,'Port canto ',NULL,'06029',NULL,'chpayet','2020-06-16 14:06:01','chpayet','2020-06-16 14:06:01','{549406AC-B14E-4843-BFFA-F4F45E1A2BB5}',7.03336,43.5404,2,1,2),(316,NULL,660,1,NULL,'11 boulevard de la ferrage',NULL,'06029',NULL,'chpayet','2020-06-18 12:18:19','chpayet','2020-06-18 12:18:19','{DD810B43-5B6E-44C2-BFBE-86D6AE98EC8A}',7.01598,43.5537,2,1,2),(317,NULL,660,1,NULL,'1 avenue des coteaux ',NULL,'06029',NULL,'chpayet','2020-06-22 12:08:16','chpayet','2020-06-22 12:08:16','{497E587B-B38B-43A3-8153-0F72475E5FDB}',7.02069,43.565,1,1,2),(318,NULL,660,1,NULL,'Impasse villamont',NULL,'06030',NULL,'chpayet','2020-06-22 12:21:07','chpayet','2020-06-22 12:21:07','{11E1892E-3451-4DFF-BCF1-F80D2E0E47B9}',7.02021,43.5708,2,1,2),(319,NULL,660,3,NULL,'Passage sainte Catherine ',NULL,'06030',NULL,'chpayet','2020-06-22 12:29:55','chpayet','2020-06-22 12:29:55','{61A555BC-1132-4606-95F1-072BDCD1D07D}',7.01653,43.5726,2,1,2),(320,NULL,340,2,NULL,'Rue konigstein',NULL,'06030',NULL,'chpayet','2020-06-22 12:31:21','chpayet','2020-06-22 12:31:21','{C3CEF772-0746-4C1C-A079-419189304F89}',7.01844,43.576,1,1,2),(321,NULL,660,3,NULL,'6 Allée des mesanges',NULL,'06030',NULL,'chpayet','2020-06-22 12:44:31','chpayet','2020-06-22 12:44:31','{8384E53B-B043-4DD8-88C0-1F68BB801A56}',7.02168,43.5747,2,1,2),(322,NULL,660,1,NULL,'16 allée des mesanges',NULL,'06030',NULL,'chpayet','2020-06-22 12:47:02','chpayet','2020-06-22 12:47:02','{194C9573-CD98-45EE-BCA7-D2583550FA3B}',7.02123,43.5742,2,1,2),(323,NULL,660,2,NULL,'174 chemin de villamont',NULL,'06030',NULL,'chpayet','2020-06-24 09:38:00','chpayet','2020-06-24 09:38:00','{EAC45C89-A17A-4024-9976-45D7D84809DD}',7.02166,43.5705,2,1,2),(324,NULL,3000,1,NULL,'Boulevard chanoine Francis coeuret',NULL,'06029',NULL,'chpayet','2020-06-30 11:59:08','chpayet','2020-06-30 11:59:08','{342DDAC9-123A-4772-BB15-B30BF1342ECA}',7.03753,43.5451,4,1,NULL),(325,NULL,660,1,NULL,'Chemin de la bastiere',NULL,'06030',NULL,'chpayet','2020-06-24 09:43:02','chpayet','2020-06-24 09:43:02','{32A9EEF8-9C43-4E92-9341-DB9E231E1E50}',7.02356,43.5702,2,1,2),(326,NULL,660,1,NULL,'2 avenue Jean mermoz',NULL,'06030',NULL,'chpayet','2020-06-24 09:48:19','chpayet','2020-06-24 09:48:19','{3441C058-979D-4A4F-87DF-1CCF5CC7398A}',7.02217,43.5755,2,1,2),(327,NULL,3000,1,NULL,'33 boulevard de la source',NULL,'06029',NULL,'chpayet','2020-06-30 12:07:49','chpayet','2020-06-30 12:07:49','{F6FD3BEF-2169-4FE9-B6A7-FDC937AD11E3}',7.04371,43.5453,3,1,2),(328,NULL,240,2,NULL,'24 chemin des plaines ',NULL,'06030',NULL,'chpayet','2020-06-24 09:56:44','chpayet','2020-06-24 09:56:44','{BC8E78D5-413D-48AD-A796-7DE5FF36BF29}',7.02253,43.5724,2,1,2),(329,NULL,660,1,NULL,'Rue santo reino',NULL,'06079',NULL,'chpayet','2020-08-17 09:21:10','chpayet','2020-08-17 09:21:10','{85D11689-423B-418E-A49D-9DA647C4D183}',6.93996,43.5263,1,1,3),(330,NULL,660,1,NULL,'22 chemin des plaines',NULL,'06030',NULL,'chpayet','2020-06-24 09:59:05','chpayet','2020-06-24 09:59:05','{A0643BA6-8E97-42EE-BF2C-2B17C332E6C6}',7.02194,43.5721,2,1,2),(331,NULL,660,2,NULL,'Chemin dei oulivie',NULL,'06029',NULL,'chpayet','2020-06-30 12:24:36','chpayet','2020-06-30 12:24:36','{A0C8DB8F-B173-4A4D-837F-F34B1DAA9046}',7.04291,43.5486,2,1,2),(332,NULL,660,1,NULL,'22 chemin des plaines',NULL,'06030',NULL,'chpayet','2020-06-24 09:59:44','chpayet','2020-06-24 09:59:44','{89D51FAB-E3D6-4117-BFF4-E3EFECCF1055}',7.02189,43.5721,2,1,2),(333,NULL,240,2,NULL,'15 chemin des plaines',NULL,'06030',NULL,'chpayet','2020-06-24 10:00:57','chpayet','2020-06-24 10:00:57','{C86579F5-E88B-4713-B662-4BAA814BD453}',7.02145,43.5723,2,1,2),(334,NULL,660,2,NULL,'Rue walte scott',NULL,'06029',NULL,'chpayet','2020-08-17 12:51:57','chpayet','2020-08-17 12:51:57','{AAC8EECA-C0D8-4043-BEB7-459B3641D123}',7.01902,43.5633,1,1,2),(335,NULL,660,2,NULL,'Angle rue du châteauneuf et rue marceau',NULL,'06029',NULL,'chpayet','2020-08-18 13:05:32','chpayet','2020-08-18 13:05:32','{C992FB90-E66C-4F8F-8DDA-A3F5B2225F61}',7.02428,43.553,2,1,2),(336,NULL,660,3,NULL,'Rue des états unis',NULL,'06029',NULL,'chpayet','2020-08-18 13:48:41','chpayet','2020-08-18 13:48:41','{27D3580F-A23B-4983-9944-46D4E858280D}',7.02164,43.552,1,1,2),(337,NULL,3000,1,NULL,'Avenue pierre semard',NULL,'06029',NULL,'chpayet','2020-08-19 08:55:14','chpayet','2020-08-19 08:55:14','{0556B869-083B-40CD-9576-36BC6DC523E0}',6.9774,43.5483,3,1,2),(338,NULL,660,1,NULL,'Traverse de l escalinado',NULL,'06030',NULL,'chpayet','2020-08-20 08:50:40','chpayet','2020-08-20 08:50:40','{58601770-DA9F-4151-8358-86C9A75C534A}',7.0102,43.5712,2,1,2),(339,NULL,660,1,NULL,'14 Avenue des mimosas',NULL,'06030',NULL,'chpayet','2020-08-24 07:35:48','chpayet','2020-08-24 07:35:48','{35CB536A-74C4-4148-B882-DEEA0255C3C0}',7.00266,43.5692,2,1,2),(340,NULL,340,2,NULL,'1 avenue franklin Roosevelt ',NULL,'06030',NULL,'chpayet','2020-08-24 07:47:52','chpayet','2020-08-24 07:47:52','{8F7DDB47-958A-4FB5-B5AC-9B94A3752160}',7.00509,43.5691,2,1,2),(341,NULL,660,1,NULL,'Boulevard des roses',NULL,'06079',NULL,'chpayet','2020-08-24 12:44:55','chpayet','2020-08-24 12:44:55','{7212F533-4F39-4B9C-AAFF-4B53A6F4BFA8}',6.93174,43.5466,1,1,2),(342,NULL,340,1,NULL,'Boulevard des roses',NULL,'06079',NULL,'chpayet','2020-08-24 12:47:42','chpayet','2020-08-24 12:47:42','{C098AAAB-49AD-4D82-B4C2-9F47EAD54A8B}',6.93179,43.5466,1,1,1),(343,NULL,340,2,NULL,'Impasse de l islette',NULL,'06079',NULL,'chpayet','2020-08-24 13:21:01','chpayet','2020-08-24 13:21:01','{05D69857-EB5C-4DD7-811C-E3660BDB3C82}',6.94285,43.5251,1,1,2),(344,NULL,660,3,NULL,'10 rue Gaston cauvin',NULL,'06030',NULL,'chpayet','2020-06-29 08:28:42','chpayet','2020-06-29 08:28:42','{E66FBDC3-FE49-43BE-8CB7-0D0FDE9C1975}',7.02229,43.5697,2,1,2),(345,NULL,240,3,NULL,'25 boulevard Georges Clemenceau ',NULL,'06029',NULL,'chpayet','2020-06-29 09:27:27','chpayet','2020-06-29 09:27:27','{46832496-487D-47AB-979F-62D4E0BC2B43}',7.01191,43.5497,1,1,2),(346,NULL,340,2,NULL,'11 rue merimee',NULL,'06030',NULL,'chpayet','2020-07-02 12:58:54','chpayet','2020-07-02 12:58:54','{F3642F32-1881-4018-9084-2CA96922DCAF}',7.01741,43.5701,2,1,2),(347,NULL,660,2,NULL,'23 boulevard de la source',NULL,'06029',NULL,'chpayet','2020-06-29 09:39:05','chpayet','2020-06-29 09:39:05','{6D269C90-EB06-429C-8A10-A48DA9437A09}',7.04164,43.5448,2,1,2),(348,NULL,660,1,NULL,'31 bd de la ferrage',NULL,'06029',NULL,'chpayet','2020-01-28 09:28:07','chpayet','2020-07-21 06:36:47','{064F771D-C0B5-40DB-8F0C-D65BA00C9B75}',7.01276,43.5529,2,1,2),(349,NULL,660,1,NULL,'Boulevard du midi','Face plage des sports','06029',NULL,'chpayet','2020-07-21 12:15:47','chpayet','2020-07-21 12:15:47','{D2A49E0C-7E12-43C2-A3BD-5A457851DCAB}',6.99578,43.5493,2,1,2),(350,NULL,660,1,NULL,'Boulevard du midi','Parking','06079',NULL,'chpayet','2020-07-15 13:58:08','chpayet','2020-07-21 12:37:55','{CEBF82C8-BDBE-43FA-834A-B396A4E27525}',6.95159,43.5351,2,1,1),(351,NULL,660,1,NULL,'Allée jean giono ','Parking','06030',NULL,'chpayet','2020-07-23 13:14:44','chpayet','2020-07-23 13:14:44','{2509557C-5CDA-4745-BD77-B370AAF7E1A3}',7.01373,43.5763,2,1,2),(352,NULL,660,1,NULL,'Chemin de l olivet',NULL,'06030',NULL,'chpayet','2020-07-23 13:56:17','chpayet','2020-07-23 13:56:17','{1792C3AD-CEA4-4C69-A489-F7E673D04872}',6.99,43.5703,2,1,2),(353,NULL,4000,1,NULL,'Route d antibes',NULL,'06085',NULL,'chpayet','2020-07-27 13:19:55','chpayet','2020-07-27 13:19:55','{64C665C3-841F-4F66-AD3D-AE3844C8BA40}',7.02832,43.6008,6,1,NULL),(354,NULL,4000,1,NULL,'Route d antibes',NULL,'06085',NULL,'chpayet','2020-07-27 13:22:08','chpayet','2020-07-27 13:24:11','{9AEC8D28-C965-4A6C-9533-AAE419228AEF}',7.03053,43.6001,6,1,NULL),(355,NULL,4000,1,NULL,'Route de vallauris ',NULL,'06085',NULL,'chpayet','2020-07-27 13:35:49','chpayet','2020-07-27 13:35:49','{548377E2-F5D1-43CF-9E3D-8F2F586A445F}',7.03695,43.5975,6,1,NULL),(356,NULL,3000,1,NULL,'Route de la valmasque',NULL,'06085',NULL,'chpayet','2020-07-27 13:41:01','chpayet','2020-07-27 13:41:01','{A3F2CDC5-7CE7-44F5-8756-AC980E6ED951}',7.03946,43.605,6,1,NULL),(357,NULL,4000,1,NULL,'Route de la valmasque',NULL,'06085',NULL,'chpayet','2020-07-27 13:42:01','chpayet','2020-07-27 13:42:01','{C79F988F-4FBE-4669-A355-20EB8DD82BF2}',7.0405,43.606,6,1,NULL),(358,NULL,4000,1,NULL,'Route de la valmasque ',NULL,'06085',NULL,'chpayet','2020-07-27 13:44:30','chpayet','2020-07-27 13:44:30','{9603FD9A-54AC-43E6-A79B-20D9D1EC8163}',7.03785,43.6057,6,1,NULL),(359,NULL,750,1,NULL,'Rue de la plage',NULL,'06079',NULL,'chpayet','2020-07-30 12:22:54','chpayet','2020-07-30 12:22:54','{97F5F613-789A-424C-9403-D2E443765292}',6.94243,43.5232,1,1,3),(360,NULL,660,6,NULL,'Port de la rague',NULL,'06079',NULL,'chpayet','2020-07-30 12:37:52','chpayet','2020-07-30 12:37:52','{65180923-F9A5-47D4-A96F-845B84E8BBB9}',6.9362,43.5176,1,1,2),(361,NULL,660,2,NULL,'Rue ricord laty',NULL,'06029',NULL,'chpayet','2020-06-29 09:49:50','chpayet','2020-06-29 09:49:50','{F8700569-479E-4CD0-8C4C-90921560986D}',7.03939,43.5445,1,1,2),(362,NULL,660,1,NULL,'75 avenue isola bella',NULL,'06029',NULL,'chpayet','2020-08-25 07:16:52','chpayet','2020-08-25 07:17:19','{B6B3682E-17B6-4CB3-A765-8B11384146B8}',7.03417,43.5576,2,1,2),(363,NULL,660,1,NULL,'3067 boulevard des horizons',NULL,'06029',NULL,'chpayet','2020-08-25 07:31:19','chpayet','2020-08-25 07:31:19','{8029EE04-C778-423B-8754-04936A41A8AC}',7.05838,43.5552,2,1,2),(364,NULL,660,1,NULL,'Chemin du séminaire saint paul',NULL,'06029',NULL,'chpayet','2020-08-25 07:43:07','chpayet','2020-08-25 07:43:07','{00E740D0-A849-4E77-9933-CA096B60226C}',7.05585,43.5498,2,1,2),(365,NULL,750,1,NULL,'40 rue Louis perissol',NULL,'06029',NULL,'chpayet','2020-08-25 08:08:22','chpayet','2020-08-25 08:08:22','{E40CFC08-242C-4D95-A55A-D314EC818085}',7.01036,43.5495,1,1,2),(366,NULL,340,1,NULL,'40 rue Louis perissol',NULL,'06029',NULL,'chpayet','2020-08-25 08:09:42','chpayet','2020-08-25 08:10:02','{E1805058-80B9-478B-ABEF-39C4E5967EBC}',7.01039,43.5495,1,1,2),(367,NULL,750,1,NULL,'161 avenue de grasse',NULL,'06029',NULL,'chpayet','2020-08-25 08:24:27','chpayet','2020-08-25 08:24:27','{96EB707B-0B2E-48E2-AAAD-B5DECC877202}',7.00691,43.5567,2,1,2),(368,NULL,660,1,NULL,'Chemin des carraires',NULL,'06029',NULL,'chpayet','2020-08-25 08:29:44','chpayet','2020-08-25 08:29:44','{AD25DD57-CA76-4AD8-AD8E-4EF0D252A714}',7.00626,43.565,2,1,2),(369,NULL,3000,1,NULL,'12 avenue de France ',NULL,'06029',NULL,'chpayet','2020-08-25 08:33:22','chpayet','2020-08-25 08:33:22','{4E77BE8C-E5F2-4647-A4F6-C99B8157A893}',7.00862,43.5654,4,1,4),(370,NULL,660,1,NULL,'299 avenue de grasse',NULL,'06029',NULL,'chpayet','2020-08-25 08:37:57','chpayet','2020-08-25 08:37:57','{7ED4242F-C8CF-4F50-A3C9-1393E691DFCF}',7.00456,43.5661,1,1,2),(371,NULL,660,2,NULL,'8 impasse du vallon provencal',NULL,'06029',NULL,'chpayet','2020-08-26 07:48:08','chpayet','2020-08-26 07:48:08','{D82CBF41-183D-4473-BA0E-F0CD1A5289B5}',7.0016,43.5567,2,1,2),(372,NULL,660,2,NULL,'Avenue de le Croix des gardes',NULL,'06029',NULL,'chpayet','2020-08-26 07:52:17','chpayet','2020-08-26 07:52:17','{F8092BA7-BAE1-4AE7-AB6F-95308E8A67D3}',7.00268,43.5554,2,1,2),(373,NULL,660,1,NULL,'Quai laubeuf ',NULL,'06029',NULL,'chpayet','2020-08-26 10:51:21','chpayet','2020-08-26 10:51:21','{AF1D9019-7667-4471-9C39-3D7CF4B26DD0}',7.01317,43.5482,2,1,2),(374,NULL,660,2,NULL,'Jetée Albert Édouard ',NULL,'06029',NULL,'chpayet','2020-08-26 11:06:34','chpayet','2020-08-26 11:06:34','{CC844D13-E7DC-4176-A26A-1A51110A55C7}',7.01676,43.55,1,1,2),(375,NULL,660,2,NULL,'Jetée Albert Édouard ',NULL,'06029',NULL,'chpayet','2020-08-26 11:10:49','chpayet','2020-08-26 11:10:49','{58AC8855-EB84-4B98-A049-E189D2439D7A}',7.01706,43.5486,1,1,2),(376,NULL,660,1,NULL,'Jetée Albert Édouard ',NULL,'06029',NULL,'chpayet','2020-08-26 11:13:26','chpayet','2020-08-26 11:13:26','{A592ECDC-5876-4BC1-B9EF-F46AEFDEF5BE}',7.01632,43.5479,1,1,1),(377,NULL,4000,2,NULL,'13 rue Victor cousin',NULL,'06029',NULL,'chpayet','2020-08-26 11:31:24','chpayet','2020-08-26 11:31:24','{1C54CE8A-8029-4CFB-9993-57559A84E825}',7.02381,43.5508,3,1,NULL),(378,NULL,660,1,NULL,'Promenade de la pantiero',NULL,'06029',NULL,'chpayet','2020-08-26 12:29:04','chpayet','2020-08-26 12:29:04','{29D57219-742F-4738-A041-024EC8F708A8}',7.01506,43.551,2,1,2),(379,NULL,660,1,NULL,'Promenade de la pantiero',NULL,'06029',NULL,'chpayet','2020-08-26 12:30:28','chpayet','2020-08-26 12:30:28','{FA41B7A7-050C-4AFE-811E-0F3FB1A7C73D}',7.01432,43.5508,2,1,2),(380,NULL,660,1,NULL,'Promenade de la pantiero',NULL,'06029',NULL,'chpayet','2020-08-26 12:31:50','chpayet','2020-08-26 12:31:50','{E2A5C348-3FB6-4F4E-8CBA-657F31D00203}',7.0135,43.5507,2,1,2),(381,NULL,660,1,NULL,'Impasse du tambourin ',NULL,'06079',NULL,'chpayet','2020-08-27 08:46:57','chpayet','2020-08-27 08:46:57','{4F6FE551-C345-43C3-96D7-054222CE918F}',6.93108,43.5653,2,1,3),(382,NULL,660,1,NULL,'Chemin des fougeres',NULL,'06079',NULL,'chpayet','2020-08-27 08:59:18','chpayet','2020-08-27 08:59:18','{3AF1895B-8999-4CC2-8610-A0CB916F3A68}',6.93005,43.5582,2,1,2),(383,NULL,660,2,NULL,'Chemin des grottes',NULL,'06079',NULL,'chpayet','2020-08-27 09:04:15','chpayet','2020-08-27 09:04:15','{02507DBC-6164-4E65-9FEB-376D97108ACD}',6.93028,43.5568,1,1,2),(384,NULL,340,3,NULL,'Impasse turgot',NULL,'06030',NULL,'chpayet','2020-08-27 11:53:00','chpayet','2020-08-27 11:53:00','{AE9C15F9-4DD6-43FE-8A5A-441B9E5E2A0E}',7.02356,43.5763,2,1,1),(385,NULL,340,1,NULL,'Rue notre dame des anges',NULL,'06030',NULL,'chpayet','2020-08-27 12:10:26','chpayet','2020-08-27 12:10:26','{882FA65E-7566-40F7-B7C8-FC8355EEBDC2}',7.01373,43.5737,2,1,2),(386,NULL,660,1,NULL,'20 boulevard de lorraine',NULL,'06029',NULL,'chpayet','2020-08-27 12:33:32','chpayet','2020-08-27 12:33:32','{EC02F473-95AE-4729-BF0C-DFB9923202DB}',7.02682,43.5535,2,1,2),(387,NULL,3000,1,NULL,'2 chemin des vallons ',NULL,'06030',NULL,'chpayet','2020-04-17 08:50:22','chpayet','2020-04-17 08:50:22','{46B94A69-E019-43D8-9E84-AAE5DA6284C2}',6.97262,43.5688,3,2,NULL),(388,NULL,3000,1,NULL,'10 boulevard d olivetum',NULL,'06030',NULL,'chpayet','2020-03-10 08:47:50','chpayet','2020-03-10 08:47:50','{2A62403F-3C88-40AA-9C22-FE89A984671F}',7.02524,43.5706,3,2,NULL),(389,NULL,3000,1,NULL,'Boulevard Jacques monod','Parking des fades','06030',NULL,'chpayet','2020-02-13 10:11:17','chpayet','2020-02-13 10:11:17','{A90515AF-4E89-4DB0-8F45-3B0604FBCFFD}',6.99696,43.5749,3,2,NULL),(390,NULL,3000,1,NULL,'Cimetiere du claus',NULL,'06030',NULL,'chpayet','2020-04-17 08:56:30','chpayet','2020-04-17 08:56:30','{7A3EE5C6-AA02-4B6E-99F3-2906EA5D56E6}',6.98646,43.5746,3,2,NULL),(391,NULL,3000,1,NULL,'Avenue Georges Pompidou ',NULL,'06030',NULL,'chpayet','2020-04-17 10:47:10','chpayet','2020-04-17 10:47:10','{C5ABBCFE-6778-4674-8888-5918E2BD6898}',6.9818,43.5688,3,2,NULL),(392,NULL,4000,1,NULL,'7 chemin de l aubarede',NULL,'06030',NULL,'chpayet','2020-03-10 10:02:20','chpayet','2020-03-10 10:02:20','{0A6616FF-EE2F-4512-ADA2-023B7FF4255A}',6.98412,43.5731,3,2,NULL),(393,NULL,4000,2,NULL,'1332 avenue notre dame de vie',NULL,'06085',NULL,'chpayet','2020-04-29 11:01:35','chpayet','2020-07-31 12:30:05','{5F42EED6-15D2-4799-82E2-377DE5F69AF3}',7.00155,43.5933,3,2,NULL),(394,NULL,4000,1,NULL,'Rue Marcel pagnol',NULL,'06030',NULL,'chpayet','2020-07-23 08:33:31','chpayet','2020-07-23 08:33:31','{00153039-CB46-4664-A251-D2E3381B822E}',6.98864,43.5738,3,2,NULL),(395,NULL,3000,1,NULL,'Rue cite des jardins',NULL,'06030',NULL,'chpayet','2020-07-23 08:41:48','chpayet','2020-07-23 08:41:48','{42EEB3C0-EF20-4ADF-B995-15B97DBE0068}',6.998,43.5767,3,2,NULL),(396,NULL,3000,1,NULL,'Parking jean giono',NULL,'06030',NULL,'chpayet','2020-07-23 13:10:12','chpayet','2020-07-23 13:10:12','{8104134B-1EAD-47A8-80E9-942A579382E9}',7.01347,43.5762,3,2,2),(397,NULL,3000,1,NULL,'Place benidorm',NULL,'06030',NULL,'chpayet','2020-07-23 08:19:15','chpayet','2020-07-23 13:35:57','{65AA072C-D5CF-4D4C-8F3C-0517057EE03A}',7.01497,43.5706,3,2,NULL),(398,NULL,3000,1,NULL,'Rue des orangers','angle rue des oliviers','06030',NULL,'chpayet','2020-06-22 12:37:31','chpayet','2020-07-23 13:36:43','{06460B3B-FAB5-4E5C-80A8-87B39F75F6CB}',7.01788,43.575,3,2,NULL),(399,NULL,3000,1,NULL,'Avenue du repos',NULL,'06030',NULL,'chpayet','2020-06-30 09:34:51','chpayet','2020-07-23 13:37:02','{C553287B-9798-424E-AB49-551EC2D91F47}',7.01433,43.5751,3,2,NULL),(400,NULL,3000,2,NULL,'6 avenue Maurice jean pierre',NULL,'06030',NULL,'chpayet','2020-02-13 09:57:12','chpayet','2020-07-23 13:37:51','{B1926D97-5BF9-47E0-895B-46A40D1C65B4}',7.00685,43.5767,3,2,NULL),(401,NULL,3000,1,NULL,'24 avenue de la pinede',NULL,'06030',NULL,'chpayet','2020-02-13 10:01:08','chpayet','2020-07-23 13:38:08','{A1A5B794-F651-4854-9A9A-9EA86293FF66}',7.00346,43.5731,3,2,NULL),(402,NULL,3000,1,NULL,'21 avenue thiers',NULL,'06030',NULL,'chpayet','2020-03-10 08:41:17','chpayet','2020-07-23 13:38:31','{06B4116B-A63C-45E8-9250-E33E39643CA8}',7.02415,43.5699,3,2,NULL),(403,NULL,3000,1,NULL,'Boulevard de l esterel','residence les pins parasols','06030',NULL,'chpayet','2020-02-13 10:45:28','chpayet','2020-07-23 13:39:09','{D3B131D0-1288-4D8A-9E74-40472D5DE748}',6.97715,43.563,3,2,NULL),(404,NULL,3000,1,NULL,'Déchèterie tourrades',NULL,'06029',NULL,'chpayet','2020-08-26 08:39:09','chpayet','2020-08-26 08:39:09','{7382AF7A-D219-4DE9-8B9A-65593DAF4080}',6.95477,43.557,7,2,NULL),(405,NULL,4000,1,NULL,'Rue saint jacques',NULL,'06085',NULL,'chpayet','2020-06-02 13:19:59','chpayet','2020-07-27 10:34:06','{D89F7682-5FC9-4EB0-995F-81938FE474B9}',7.04142,43.589,3,2,NULL),(406,NULL,4000,1,NULL,'89 avenue du moulin de la croix',NULL,'06085',NULL,'chpayet','2020-04-29 10:18:39','chpayet','2020-07-27 11:25:58','{EF6546F0-9792-4F7B-83F1-3F65A0775789}',6.99744,43.601,3,2,NULL),(407,NULL,4000,1,NULL,'559 avenue de tournamy',NULL,'06085',NULL,'chpayet','2020-04-17 09:37:16','chpayet','2020-07-27 11:26:53','{9B14CCCC-71B8-4195-8938-F938B000B3EF}',6.9863,43.602,7,2,NULL),(408,NULL,4000,1,NULL,'615 avenue Maurice donat',NULL,'06085','Mougin school','chpayet','2020-05-14 08:41:35','chpayet','2020-07-27 11:35:03','{0164BDF5-1283-4BF9-9530-C10713C113F9}',7.01443,43.6125,7,2,NULL),(409,NULL,4000,1,NULL,'Allée Henri barbara',NULL,'06085',NULL,'chpayet','2020-06-22 13:29:45','chpayet','2020-07-27 11:35:29','{57384DAB-3CF8-4D44-816B-F0A0AFD0A5E6}',7.01107,43.6072,3,2,NULL),(410,NULL,4000,1,NULL,'Avenue font roubert',NULL,'06085',NULL,'chpayet','2020-04-29 10:11:19','chpayet','2020-07-27 11:36:02','{DF7DE7CC-2F26-4D99-AA99-AC5613C232C6}',7.00166,43.6046,3,2,1),(411,NULL,4000,1,NULL,'Avenue maréchal juin',NULL,'06085',NULL,'chpayet','2020-04-17 09:15:39','chpayet','2020-07-27 11:36:41','{E9CCE624-56F6-453C-966E-E7B750D0034C}',6.98814,43.5963,3,2,NULL),(412,NULL,4000,1,NULL,'Chemin de la grande bastide',NULL,'06085',NULL,'chpayet','2020-04-29 10:35:52','chpayet','2020-07-27 11:37:01','{38BD9FD9-7A4A-4871-9F98-8731943B459F}',6.99042,43.5903,7,2,NULL),(413,NULL,4000,1,NULL,'Chemin de campane',NULL,'06085',NULL,'chpayet','2020-02-20 08:16:38','chpayet','2020-07-27 11:37:20','{419AECE2-E73A-42FE-BC63-4CE27EEB6FBB}',6.99851,43.5878,7,2,NULL),(414,NULL,4000,1,NULL,'763 chemin des cabrieres',NULL,'06085',NULL,'chpayet','2020-02-20 08:28:33','chpayet','2020-07-27 11:37:41','{A03747C1-2F33-4B6A-A496-038A029A7393}',6.98827,43.5834,7,2,NULL),(415,NULL,4000,1,NULL,'Chemin de faissole',NULL,'06085',NULL,'chpayet','2020-04-17 09:05:30','chpayet','2020-07-27 11:37:58','{2E1C9196-FC83-49FA-BE08-7F15677DA591}',6.99794,43.5836,3,2,NULL),(416,NULL,4000,1,NULL,'Chemin de font de currault',NULL,'06085',NULL,'chpayet','2020-06-22 13:54:44','chpayet','2020-07-27 11:38:18','{CA5B8415-90DA-4469-85CE-14DF03F66FBD}',7.03244,43.5914,7,2,NULL),(417,NULL,4000,1,NULL,'Chemin de la plaine',NULL,'06085',NULL,'chpayet','2020-07-27 12:18:47','chpayet','2020-07-27 12:18:47','{A45CAA79-DF14-4584-BBD5-59C61531B9FE}',6.9703,43.6023,7,2,1),(418,NULL,4000,1,NULL,'Chemin du refuge',NULL,'06085',NULL,'chpayet','2020-07-27 12:33:50','chpayet','2020-07-27 12:33:50','{AA6C6AB3-0334-4AE6-B7DC-8D407DA7F686}',6.99237,43.581,3,2,1),(419,NULL,4000,1,NULL,'Avenue lamartine',NULL,'06085',NULL,'chpayet','2020-03-10 09:56:02','chpayet','2020-07-27 12:39:11','{3D9735F1-2B61-422C-81FB-CD590F48C046}',6.98494,43.5744,3,2,NULL),(420,NULL,4000,1,NULL,'Chemin de coudouron','Déchèterie ','06085',NULL,'chpayet','2020-07-27 12:58:34','chpayet','2020-07-27 12:59:27','{176F1C96-B67B-4394-BBC6-0DFACA8CE3FD}',6.96441,43.5815,7,2,1),(421,'6601902190',660,1,NULL,'Gare tsm',NULL,'06138',NULL,'chpayet','2019-12-04 08:36:47','chpayet','2019-12-04 08:36:47','{0BF5EDFF-B6EC-4A9B-9A85-D5C43F338FFF}',6.93699,43.5133,2,3,NULL),(422,'6601902012',660,1,NULL,'Prince des iles',NULL,'06138',NULL,'chpayet','2019-12-04 08:45:15','chpayet','2019-12-04 08:45:15','{CBC5605B-2FC8-4F3F-BC2D-FF846415E9D7}',6.93735,43.5091,2,3,2),(423,'6601901994',660,1,NULL,'Eglise trottoir château avenue de lerins',NULL,'06138',NULL,'chpayet','2019-12-04 08:51:52','chpayet','2019-12-04 08:51:52','{EA97EB92-2BC7-4B8C-93A4-3DD0C6860CD5}',6.9384,43.5081,2,3,2),(424,'6601901971',660,1,NULL,'Avenue de lerins angle traverse magasin souvenir',NULL,'06138',NULL,'chpayet','2019-12-04 08:58:27','chpayet','2019-12-04 08:58:27','{4A1D509F-70AF-476A-9436-9A0BDC2B9903}',6.94057,43.5077,2,3,2),(425,'6601902153',660,1,NULL,'Avenue montrer résidence aquarella ',NULL,'06138',NULL,'chpayet','2019-12-04 09:04:11','chpayet','2019-12-04 09:04:11','{6F6BE0FD-DB47-4034-8D38-2193ABE495AA}',6.9407,43.5076,2,3,2),(426,'6601902329 / 6601902324',660,2,NULL,'Chemin du débarcadère ',NULL,'06138',NULL,'chpayet','2019-12-04 09:12:38','chpayet','2019-12-04 09:14:20','{94AEC5C1-0293-4DFF-9BD7-987E6461DA7B}',6.94228,43.5071,2,3,2),(427,'6601902331 / 6601902354',660,2,NULL,'Parking Marco polo avenue de lerins',NULL,'06138',NULL,'chpayet','2019-12-04 09:22:49','chpayet','2019-12-04 09:22:49','{10559124-6846-46E1-8CCD-637E53F07F86}',6.94168,43.5077,2,3,2),(428,'6601901967',660,1,NULL,'13 jb pastor résidence riviera',NULL,'06138',NULL,'chpayet','2019-12-04 09:33:09','chpayet','2019-12-04 09:33:09','{1693412B-1878-4060-B367-56360ECF6462}',6.93883,43.5053,2,3,2),(429,'6601901968',660,1,NULL,'Rue jb pastor',NULL,'06138',NULL,'chpayet','2019-12-04 09:44:46','chpayet','2019-12-04 09:44:46','{CB811187-7FE9-4271-9182-2109B1D25477}',6.93825,43.5044,2,3,2),(430,NULL,4000,1,NULL,'Parking vallon l autelgy',NULL,'06138',NULL,'chpayet','2019-12-04 09:55:07','chpayet','2019-12-04 09:55:07','{45BB74DD-0912-4B11-A531-59BCA7D97F75}',6.93721,43.5035,7,3,1),(431,NULL,3000,2,NULL,'Parking du vallon l autelgy',NULL,'06138',NULL,'chpayet','2019-12-04 09:57:23','chpayet','2019-12-04 09:57:23','{51140C51-43D7-4B98-B3E7-5AFE05510844}',6.93719,43.5034,7,3,1),(432,'6601902149',660,1,NULL,'Rue du sanglier',NULL,'06138',NULL,'chpayet','2019-12-06 08:36:01','chpayet','2019-12-06 08:36:01','{18A21742-B694-419A-B1E5-878C3468DB18}',6.94038,43.5054,2,3,2),(433,'6601901954',660,1,NULL,'32 avenue corniche d or',NULL,'06138',NULL,'chpayet','2019-12-06 08:42:27','chpayet','2019-12-06 08:42:27','{8566583C-61D9-40D6-84CC-109CB683039B}',6.94371,43.506,2,3,2),(434,'660 19 02019',660,1,NULL,'Avenue de lerins','Sur corniche plage maurin','06138',NULL,'chpayet','2019-12-04 08:32:12','chpayet','2019-12-05 10:39:48','{F4C3390D-DD5E-4575-BD44-AB0C602E6B43}',6.93711,43.5149,2,3,2),(435,NULL,340,2,NULL,'Résidence les terrasses de saint honorat',NULL,'06138',NULL,'chpayet','2020-01-02 13:24:05','chpayet','2020-01-02 13:24:05','{6C8B4007-468E-4FB8-8D64-DF6A66C22239}',6.94151,43.4906,1,3,2),(436,NULL,240,1,NULL,'39 bd de l esterel',NULL,'06138',NULL,'chpayet','2020-01-02 13:30:00','chpayet','2020-01-02 13:30:00','{8DBE8A2C-28B6-4365-B299-C50E2CA27B01}',6.94297,43.4883,2,3,2),(437,'6601902325',660,1,NULL,'1992 avenue du midi',NULL,'06138',NULL,'chpayet','2019-12-11 08:28:02','chpayet','2019-12-11 08:29:24','{9EFCDA18-4ECB-4027-AD3A-BFAC1C12788A}',6.9347,43.507,2,3,2),(438,'6601902333',660,1,NULL,'Avenue du Languedoc ',NULL,'06138',NULL,'chpayet','2019-12-11 08:34:19','chpayet','2019-12-11 08:34:19','{97014156-2636-420A-8C77-49569ADB77F5}',6.93703,43.5079,2,3,2),(439,'6601902154',660,1,NULL,'Avenue montier',NULL,'06138',NULL,'chpayet','2019-12-11 08:51:12','chpayet','2019-12-11 08:51:12','{17DDA2DE-7A5A-49EA-B82D-7910C9A193B9}',6.93867,43.5055,2,3,2),(440,'6601902186',660,1,NULL,'24 avenue montier',NULL,'06138',NULL,'chpayet','2019-12-11 08:56:05','chpayet','2019-12-11 08:56:05','{175835BD-D461-408F-866C-896179B572C7}',6.93862,43.5062,2,3,2),(441,'6601902187',660,1,NULL,'Avenue montier','Face ecole','06138',NULL,'chpayet','2019-12-11 08:59:54','chpayet','2019-12-11 08:59:54','{94930C7E-04CF-47F8-8A9E-F16FBAE43BCE}',6.93909,43.5066,2,3,2),(442,'6601902172',660,1,NULL,'Rue de la source',NULL,'06138',NULL,'chpayet','2019-12-11 09:30:59','chpayet','2019-12-11 09:30:59','{745A743C-9E3E-4431-9840-4755AB890AE6}',6.94726,43.5049,2,3,2),(443,'6601902151/6601902150',660,2,NULL,'10 rue de la source',NULL,'06138',NULL,'chpayet','2019-12-11 09:35:06','chpayet','2019-12-11 09:35:06','{EED09B42-9F61-4591-B422-15756E928E31}',6.94304,43.5061,2,3,2),(444,'6601902200',660,1,NULL,'Allée des pins',NULL,'06138',NULL,'chpayet','2019-12-11 09:42:50','chpayet','2019-12-11 09:42:50','{7A2D3722-E3EC-4C9A-B6EA-3B1AAF391F42}',6.94984,43.5045,2,3,2),(445,'6601901963',660,1,NULL,'Avenue corniche d or',NULL,'06138',NULL,'chpayet','2019-12-06 08:46:05','chpayet','2019-12-06 08:46:05','{D35DA3DE-E260-4D4E-9A71-42B77223B51C}',6.95031,43.505,2,3,2),(446,NULL,340,1,NULL,'Avenue fragonard',NULL,'06138',NULL,'chpayet','2020-01-02 13:36:23','chpayet','2020-01-02 13:36:23','{F8DF2516-1560-40B2-8211-DAF5F2CA0E6E}',6.94386,43.4874,1,3,2),(447,'1901955/1902353/1902352',660,3,NULL,'Avenue corniche d or','Face restaurant l air du temps','06138',NULL,'chpayet','2019-12-06 08:53:38','chpayet','2019-12-06 08:53:38','{6567119A-A2D8-4E5A-A19D-79D1A24E8C8E}',6.9531,43.5013,2,3,2),(448,'6601901966',660,1,NULL,'Avenue corniche d or','Face restaurant l air du temps','06138',NULL,'chpayet','2019-12-06 08:55:09','chpayet','2019-12-06 08:55:09','{0C326433-76CC-44BF-B17F-2A6BEAC416E0}',6.95311,43.5013,2,3,2),(449,NULL,3000,1,NULL,'37 avenue miramar',NULL,'06138',NULL,'chpayet','2019-12-06 09:08:11','chpayet','2019-12-06 09:08:11','{61E9863A-23C4-4EA2-A353-BB3876F9A790}',6.94105,43.4866,7,3,1),(450,'6601902216',660,1,NULL,'37 avenue miramar ',NULL,'06138',NULL,'chpayet','2019-12-06 09:09:18','chpayet','2019-12-06 09:09:18','{AEB57920-27D5-4511-ADDA-6FCC24C37686}',6.94106,43.4867,2,3,NULL),(451,'6601902169',660,1,NULL,'Corniche avenue miramar ',NULL,'06138',NULL,'chpayet','2019-12-06 09:12:42','chpayet','2019-12-06 09:12:42','{69783F79-1814-40FC-A4DF-08E27ED706A5}',6.94155,43.4865,2,3,2),(452,'6601901925',660,1,NULL,'Avenue miramar','Proche port figueirette','06138',NULL,'chpayet','2019-12-06 09:20:13','chpayet','2019-12-06 09:20:13','{56FDCA5E-BEC8-41FB-B081-67769C30124C}',6.93147,43.4845,2,3,2),(453,'6601901924',660,1,NULL,'16 avenue du treyas','Parking face restaurant matipi','06138',NULL,'chpayet','2019-12-06 09:36:13','chpayet','2019-12-06 09:37:17','{B55C9306-51A0-4212-8A5B-7438E37CC97D}',6.92993,43.4841,2,3,2),(454,NULL,4000,2,NULL,'16 avenue du treyas ','Parking face restaurant matipi','06138',NULL,'chpayet','2019-12-06 09:33:24','chpayet','2019-12-06 09:37:50','{4C95AC90-7217-427E-8941-DEAE33ACED01}',6.92993,43.4841,7,3,1),(455,'3401901470,3401901513',340,2,NULL,'Avenue miramar résidence port miramar ',NULL,'06138',NULL,'chpayet','2019-12-06 09:54:42','chpayet','2019-12-06 09:54:42','{A4B3BBB6-78D8-478A-B604-2E86D2005D39}',6.93029,43.4818,2,3,2),(456,'3401901511',340,1,NULL,'35 avenue miramar résidence azurine',NULL,'06138',NULL,'chpayet','2019-12-06 10:01:29','chpayet','2019-12-06 10:01:29','{B00F2527-12F8-415B-BF0A-CF6C6A73946E}',6.93025,43.4815,2,3,2),(457,NULL,4000,1,NULL,'Port figueirette ',NULL,'06138',NULL,'chpayet','2019-12-06 10:07:06','chpayet','2019-12-06 10:07:06','{221F2F04-572C-401F-B9B6-992E3C18F874}',6.93417,43.485,7,3,1),(458,'1901923,1902220,1901922',660,3,NULL,'Boulevard l esquillon','Beauchamp hotel','06138',NULL,'chpayet','2019-12-06 10:20:46','chpayet','2019-12-06 10:20:46','{AEDB7E6C-3105-4B31-AF37-51A2C22C2F61}',6.93768,43.4857,1,3,2),(459,'6601902188',660,1,NULL,'Boulevard de l esquillon ',NULL,'06138',NULL,'chpayet','2019-12-06 10:27:37','chpayet','2019-12-06 10:27:37','{30BD14F1-FF39-43B4-AD29-641CDCFFB3A2}',6.94397,43.4866,2,3,2),(460,'6601902167',660,1,NULL,'Boulevard de l esquillon ',NULL,'06138',NULL,'chpayet','2019-12-06 10:31:25','chpayet','2019-12-06 10:31:25','{9E559C1E-B9BF-4095-9C82-59F7408CF21B}',6.94487,43.4858,2,3,2),(461,NULL,4000,1,NULL,'Avenue côté d azur','A côté snack','06138',NULL,'chpayet','2019-12-06 10:41:42','chpayet','2019-12-06 10:41:42','{7E4F7691-B65B-47CD-AA92-3E58135C1858}',6.94506,43.4937,7,3,1),(462,NULL,5000,2,NULL,'Avenue de la côte d azur','A côté du snack','06138',NULL,'chpayet','2019-12-06 10:43:25','chpayet','2019-12-06 10:43:25','{4CFBB363-B51A-47F8-9DA6-4B71D642A26E}',6.945,43.4937,7,3,NULL),(463,'6601902218',660,1,NULL,'Avenue corniche d or','Pointe de l aiguille ','06138',NULL,'chpayet','2019-12-06 10:54:17','chpayet','2019-12-06 10:54:17','{52F3D366-119E-4FC1-A71F-88B6FF2DF348}',6.94741,43.5053,2,3,2),(464,'6601901938',660,1,NULL,'Avenue de lerins ',NULL,'06138',NULL,'chpayet','2019-12-06 11:00:47','chpayet','2019-12-06 11:00:47','{13D70099-3830-4C25-80FA-8E07E2B876C7}',6.94035,43.5059,2,3,2),(465,'6601902152',660,1,NULL,'23 avenue roc','Résidence les jardins de la mer','06138',NULL,'chpayet','2019-12-11 07:57:39','chpayet','2019-12-11 07:57:39','{2DCE6D34-56FF-4226-8432-A31B50DB6A82}',6.93561,43.5142,2,3,2),(466,'6601901958/6601901957',660,1,NULL,'17 avenue de Provence ',NULL,'06138',NULL,'chpayet','2019-12-11 08:09:22','chpayet','2019-12-11 08:09:22','{3469E7B2-F0A0-4638-B179-0843F839FDF8}',6.93449,43.5106,2,3,2),(467,'6601901992/6601901993',660,2,NULL,'Avenue de Provence ',NULL,'06138',NULL,'chpayet','2019-12-11 08:14:21','chpayet','2019-12-11 08:14:21','{50EE29EA-2FDB-4559-9536-50DBF6E8435C}',6.93453,43.5096,2,3,2),(468,'6601902157',660,1,NULL,'7 Ave saint hubert',NULL,'06138',NULL,'chpayet','2019-12-11 09:49:03','chpayet','2019-12-11 09:49:03','{644A7A79-5051-4F5B-8493-62C7F4013D3D}',6.94914,43.5036,2,3,2),(469,'6601902020/6601901936',660,2,NULL,'Avenue du midi',NULL,'06138',NULL,'chpayet','2019-12-11 08:22:15','chpayet','2019-12-11 08:22:15','{1ED70489-A9C7-40BD-A68C-27CFAE7534B3}',6.93636,43.5085,2,3,2),(470,'6601902018',660,1,NULL,'1992 avenue du midi',NULL,'06138',NULL,'chpayet','2019-12-11 08:25:28','chpayet','2019-12-11 08:25:28','{5E5C85FF-C449-4C10-9562-88A2689DFA93}',6.93461,43.5069,2,3,2),(471,'6601902160',660,1,NULL,'38 avenue saint Hubert ',NULL,'06138',NULL,'chpayet','2019-12-11 09:54:02','chpayet','2019-12-11 09:54:02','{DDD7CF5D-AABD-4F08-B9AB-FE7F92D80824}',6.94336,43.5036,2,3,2),(472,NULL,660,1,NULL,'Avenue fragonard ',NULL,'06138',NULL,'chpayet','2020-01-02 13:39:34','chpayet','2020-01-02 13:39:34','{E89C4948-8C2C-413C-84F5-DBF84D5943B9}',6.94077,43.4878,1,3,2),(473,'6601902158/6601902159',660,2,NULL,'37 avenue saint Hubert ','Panoramer','06138',NULL,'chpayet','2019-12-11 10:00:36','chpayet','2019-12-11 10:00:36','{3E3D20E9-0FFE-423F-A6DF-D6B3F693DE0C}',6.94318,43.5034,2,3,2),(474,'6601902193/6601902192',660,2,NULL,'49 Avenue saint Hubert ',NULL,'06138',NULL,'chpayet','2019-12-11 10:06:57','chpayet','2019-12-11 10:06:57','{CA2D116D-3A46-4CD2-9D88-7C42E81994EE}',6.94661,43.5034,2,3,2),(475,NULL,660,2,NULL,'Avenue van loo',NULL,'06138',NULL,'chpayet','2020-01-02 13:42:56','chpayet','2020-01-02 13:42:56','{84714D5B-ECBC-4E37-A45A-C526899A516E}',6.93983,43.4879,2,3,2),(476,'6601902199',660,1,NULL,'4 rue Abdel balif',NULL,'06138',NULL,'chpayet','2019-12-11 10:14:38','chpayet','2019-12-11 10:14:38','{F449336B-F3E9-4A42-8B97-BD9E9B74C224}',6.9531,43.5037,2,3,2),(477,'6601902138',660,1,NULL,'4 allée des eucalyptus ',NULL,'06138',NULL,'chpayet','2019-12-11 10:17:55','chpayet','2019-12-11 10:17:55','{B644E6EB-8073-4051-8F72-C29E523343AE}',6.95245,43.5026,2,3,2),(478,'6601902156',660,1,NULL,'13 allée des eucalyptus ',NULL,'06138',NULL,'chpayet','2019-12-11 10:21:16','chpayet','2019-12-11 10:21:16','{0D567C4B-D72D-4663-B565-81DCF3E8420C}',6.95184,43.5008,2,3,2),(479,'6601902155',660,1,NULL,'Chemin des mimosees',NULL,'06138',NULL,'chpayet','2019-12-11 10:26:02','chpayet','2019-12-11 10:26:02','{8965D620-B8B7-4F08-9C9C-1E6342D77A5B}',6.94906,43.4989,2,3,2),(480,'6601901956',660,1,NULL,'68 corniche d or','Villa sainte camille','06138',NULL,'chpayet','2019-12-11 10:36:24','chpayet','2019-12-11 10:36:24','{79E4490A-AEF2-4535-A438-58AA569F5411}',6.95287,43.5012,2,3,2),(481,NULL,340,1,NULL,'Avenue van loo',NULL,'06138',NULL,'chpayet','2020-01-02 13:49:52','chpayet','2020-01-02 13:49:52','{7EB08EFA-0010-4956-925E-FC5476E7BF15}',6.94048,43.4873,1,3,2),(482,NULL,3000,1,NULL,'1 avenue du prado',NULL,'06029',NULL,'chpayet','2020-02-05 08:56:25','chpayet','2020-02-05 08:56:25','{D9827998-C08B-49AA-8BFC-854FAC4FFA5E}',7.0224,43.5579,3,3,2),(483,NULL,660,1,NULL,'Avenue van loo',NULL,'06138',NULL,'chpayet','2020-01-02 13:52:07','chpayet','2020-01-02 13:52:07','{7A859F27-1543-49D1-915F-CBF6C3758EBA}',6.94066,43.4869,1,3,2),(484,NULL,660,1,NULL,'Avenue fragonard ',NULL,'06138',NULL,'chpayet','2020-01-02 13:57:00','chpayet','2020-01-02 13:57:00','{D1ECEE28-3F7D-44A6-984B-8D4200B9476A}',6.9415,43.4871,2,3,2),(485,NULL,3000,1,NULL,'14 boulevard mont fleury',NULL,'06029',NULL,'chpayet','2020-02-05 09:21:36','chpayet','2020-02-05 09:21:36','{31157D52-34F3-483D-8115-255A15F5AFB8}',7.02813,43.5553,3,3,2),(486,NULL,340,1,NULL,'2 avenue de lerins',NULL,'06079',NULL,'chpayet','2020-01-07 14:13:27','chpayet','2020-01-07 14:13:27','{1602B2B6-A044-4447-BD37-3A32DBFA38DC}',6.93471,43.5175,2,3,2),(487,NULL,660,1,NULL,'Rue du chantier naval',NULL,'06079',NULL,'chpayet','2020-01-07 14:21:28','chpayet','2020-01-07 14:21:28','{19E2F552-0150-4710-AF93-A5836A15E16F}',6.94145,43.5247,1,3,1),(488,NULL,5000,4,NULL,'Allées de la liberté ',NULL,'06029',NULL,'chpayet','2020-02-05 10:30:04','chpayet','2020-02-05 10:30:04','{29C21C0A-73E9-4B06-A748-453E80A9FCF0}',7.01619,43.5518,3,3,2),(489,NULL,660,1,NULL,'Avenue du 29 aout','Angle rue santo reino','06079',NULL,'chpayet','2020-01-07 14:27:31','chpayet','2020-01-07 14:27:31','{5F87EB0D-AC8B-48E0-BC16-BE6E17215B67}',6.94002,43.5258,1,3,2),(490,NULL,660,1,NULL,'Avenue du 23 aout',NULL,'06079',NULL,'chpayet','2020-01-07 14:31:39','chpayet','2020-01-07 14:31:39','{E5AB799E-E779-4152-A727-423F6C2954CA}',6.94053,43.5245,1,3,2),(491,NULL,750,2,NULL,'Quai saint pierre',NULL,'06029',NULL,'chpayet','2020-02-05 10:39:51','chpayet','2020-02-05 10:39:51','{A5A02AA2-CAEC-446F-B4E3-4A094E9CE55B}',7.01247,43.5493,1,3,NULL),(492,NULL,660,1,NULL,'Rue des hautes roches',NULL,'06079',NULL,'chpayet','2020-01-07 14:40:13','chpayet','2020-01-07 14:40:13','{272DED53-87E1-4E65-9673-0808E3C566CD}',6.93992,43.5243,1,3,NULL),(493,NULL,3000,1,NULL,'Square général Leclerc ',NULL,'06029',NULL,'chpayet','2020-02-05 10:43:48','chpayet','2020-02-05 10:43:48','{3CE3A5F5-77E8-437F-B989-86063ED777B9}',7.01205,43.5483,3,3,2),(494,NULL,660,1,NULL,'3 traverse bel air',NULL,'06029',NULL,'chpayet','2020-02-10 08:15:59','chpayet','2020-02-10 08:15:59','{C0216B3F-6E76-4AC2-9B92-6E5EE62A9AF1}',7.01433,43.5543,2,3,2),(495,NULL,4000,1,NULL,'Parking jean aulas',NULL,'06079',NULL,'chpayet','2020-01-07 14:48:16','chpayet','2020-01-07 15:20:43','{B8D9D8F9-FEEA-4B83-976B-497EC42AE4F6}',6.94072,43.5234,3,3,NULL),(496,NULL,4000,3,NULL,'Parking bon puits',NULL,'06079',NULL,'chpayet','2020-01-09 13:08:20','chpayet','2020-01-09 13:08:20','{E30371C6-C7D1-4C5A-90E7-CFC0758ECEA0}',6.93249,43.5225,7,3,1),(497,NULL,4000,1,NULL,'Place de Provence ',NULL,'06079',NULL,'chpayet','2020-01-09 13:37:07','chpayet','2020-01-09 13:37:07','{540FCCC3-A086-48D8-95D5-97AC2D0358B0}',6.92792,43.5287,3,3,NULL),(498,NULL,4000,1,NULL,'Place de Provence ',NULL,'06079',NULL,'chpayet','2020-01-09 13:39:26','chpayet','2020-01-09 13:39:26','{929129BB-C398-4DDB-9A53-07833F0741B7}',6.92767,43.5284,3,3,NULL),(499,NULL,660,1,NULL,'Chemin des gongues',NULL,'06079',NULL,'chpayet','2020-01-09 13:48:40','chpayet','2020-01-09 13:48:40','{64D95891-B651-4018-B649-97C709BE1E8A}',6.9184,43.5252,1,3,2),(500,NULL,660,1,NULL,'Chemin de maure vieil',NULL,'06079',NULL,'chpayet','2020-01-09 13:53:42','chpayet','2020-01-09 13:53:42','{3FE8903F-341A-4CF3-84FD-175342E71A51}',6.91391,43.525,2,3,3),(501,NULL,3000,1,NULL,'Rue Yves brayer',NULL,'06079',NULL,'chpayet','2020-01-09 14:01:02','chpayet','2020-01-09 14:02:41','{EBDD8B98-DEA4-4CB0-97B6-94FA1AC06134}',6.91923,43.5246,7,3,1),(502,NULL,750,1,NULL,'Avenue de frejus',NULL,'06079',NULL,'chpayet','2020-01-09 14:11:59','chpayet','2020-01-09 14:11:59','{8147A238-7E72-4342-BC65-046007BD1803}',6.92618,43.5266,2,3,3),(503,NULL,4000,1,NULL,'Avenue Robert schuman',NULL,'06079',NULL,'chpayet','2020-01-09 14:26:02','chpayet','2020-01-09 14:26:02','{A62EC4AC-9070-4909-B7A3-DDDA50CD0503}',6.92472,43.5404,3,3,NULL),(504,NULL,660,4,NULL,'Avenue Robert Schuman ',NULL,'06079',NULL,'chpayet','2020-01-09 14:34:52','chpayet','2020-01-09 14:37:49','{D81CC18E-E65F-4816-A55D-ECFFFC075EE2}',6.91787,43.539,2,3,NULL),(505,NULL,660,1,NULL,'Chemin du séminaire saint Paul ',NULL,'06029',NULL,'chpayet','2020-08-25 07:43:44','chpayet','2020-08-25 07:43:44','{84FF2C73-5BEE-4B58-BF9E-471BDE4F4E92}',7.05587,43.5498,2,3,2),(506,NULL,5000,1,NULL,'Rue Félix faure',NULL,'06029','Marque sidcon','chpayet','2020-01-28 08:51:12','chpayet','2020-01-28 08:51:25','{D813424C-8239-47D1-BA9E-D17BA17869FB}',7.01522,43.5522,5,3,NULL),(507,NULL,5000,1,NULL,'Rue Félix faure',NULL,'06029',NULL,'chpayet','2020-01-28 08:56:18','chpayet','2020-01-28 08:56:18','{58705BD9-6456-4AA2-908B-9B91944F1574}',7.0145,43.5521,5,3,NULL),(508,NULL,750,1,NULL,'2 rue Louis Blanc ',NULL,'06029',NULL,'chpayet','2020-01-28 09:04:01','chpayet','2020-01-28 09:04:21','{804ADCA1-366C-41C0-8BDB-390856F7FB6B}',7.01342,43.5516,2,3,2),(509,NULL,660,1,NULL,'2 rue Louis blanc',NULL,'06029',NULL,'chpayet','2020-01-28 09:05:15','chpayet','2020-01-28 09:05:15','{9B23ECFF-ED84-4934-9575-2CF97B67776B}',7.01347,43.5516,2,3,NULL),(510,NULL,750,1,NULL,'Place forville',NULL,'06029',NULL,'chpayet','2020-01-28 09:09:06','chpayet','2020-01-28 09:09:06','{5EA3BC7C-543E-4DE3-9100-29B76BF94D20}',7.01291,43.5524,1,3,2),(511,NULL,4000,1,NULL,'Marché forville ',NULL,'06029',NULL,'chpayet','2020-01-28 09:16:45','chpayet','2020-01-28 09:16:45','{84C31E8B-97D0-4776-BD8F-3C4087736874}',7.01157,43.5521,3,3,2),(512,NULL,660,1,NULL,'121 avenue Michel jourdan',NULL,'06029',NULL,'chpayet','2020-01-29 14:23:23','chpayet','2020-01-29 14:23:23','{69BF19A0-017A-404A-93F3-331CDD4D5AAD}',6.96824,43.559,2,3,2),(513,NULL,660,2,NULL,'26 boulevard de l esterel',NULL,'06029',NULL,'chpayet','2020-01-29 14:30:23','chpayet','2020-01-29 14:30:23','{55DC6B12-9BEC-4915-ABEB-9712355B07C5}',6.9722,43.5578,1,3,2),(514,NULL,660,1,NULL,'11 Avenue de grasse',NULL,'06029',NULL,'chpayet','2020-01-30 10:22:44','chpayet','2020-01-30 10:22:44','{341C13DC-D89A-4780-BA3B-DB009F3ACE51}',7.016,43.5545,2,3,2),(515,NULL,3000,1,NULL,'Boulevard carnot','Palais de justice ','06029',NULL,'chpayet','2020-01-30 10:41:33','chpayet','2020-01-30 10:41:33','{24CB1307-F728-4217-A22A-FFB368EB4308}',7.01676,43.5561,3,3,2),(516,NULL,4000,1,NULL,'Avenue maréchal Gallieni ',NULL,'06029',NULL,'chpayet','2020-01-30 11:01:16','chpayet','2020-01-30 11:01:16','{6378B413-0D64-4413-94EF-F45870DFD652}',7.01767,43.5575,4,3,4),(517,NULL,750,1,NULL,'21 boulevard Victor tuby',NULL,'06029',NULL,'chpayet','2020-02-07 12:54:50','chpayet','2020-02-07 12:54:50','{8847BBB2-965B-4BD5-9617-4169A68F1FB9}',7.01098,43.5524,1,3,2),(518,NULL,660,1,NULL,'21 boulevard Victor tuby',NULL,'06029',NULL,'chpayet','2020-02-07 12:55:43','chpayet','2020-02-07 12:55:43','{B418E2AA-3515-4D59-AA97-97FDCE6AB874}',7.01093,43.5525,1,3,2),(519,NULL,340,1,NULL,'8 impasse du vallon provençal ',NULL,'06029',NULL,'chpayet','2020-08-26 07:49:08','chpayet','2020-08-26 07:49:08','{A4179F0C-B6B8-4996-8D3C-67BC0EA489FE}',7.00157,43.5566,2,3,2),(520,NULL,3000,1,NULL,'Angle Victor tu y et rue des suisses',NULL,'06029',NULL,'chpayet','2020-02-07 12:59:49','chpayet','2020-02-07 12:59:49','{6ACA0824-1497-43C4-A34E-7008CD75F64C}',7.00941,43.5516,3,3,2),(521,NULL,3000,1,NULL,'1 boulevard delaup',NULL,'06029',NULL,'chpayet','2020-02-07 14:06:56','chpayet','2020-02-07 14:06:56','{20FB40CF-BB38-4BEA-9A29-5FC37E610B8D}',7.01134,43.5554,3,3,2),(522,NULL,660,1,NULL,'12 rue du pont romain ',NULL,'06029',NULL,'chpayet','2020-02-10 08:48:24','chpayet','2020-02-10 08:48:24','{AF0DAF07-D764-4E1C-BD81-F1A9EEACA301}',7.00743,43.5529,2,3,2),(523,NULL,660,1,NULL,'Rue docteur budin',NULL,'06029',NULL,'chpayet','2020-02-10 08:56:39','chpayet','2020-02-10 08:56:39','{689051CD-B505-4730-9F46-EEA5A5429D44}',7.01186,43.5532,2,3,2),(524,NULL,4000,1,NULL,'Square Clemenceau ',NULL,'06029',NULL,'chpayet','2020-02-10 09:22:11','chpayet','2020-02-10 09:22:11','{BAB92D15-D278-4425-A650-53F86CABC991}',7.00876,43.5492,4,3,4),(525,NULL,5000,1,NULL,'Square Frédéric mistral ',NULL,'06029','Accès avec clé ','chpayet','2020-02-10 09:40:29','chpayet','2020-02-10 09:40:29','{BD230893-813E-4599-BAC6-358F26475DA3}',7.00733,43.5489,3,3,NULL),(526,NULL,660,1,NULL,'Impasse mouraille',NULL,'06029',NULL,'chpayet','2020-02-10 10:22:25','chpayet','2020-02-10 10:22:25','{D82CB7B2-3DEB-4E7A-98D9-51A70E6C3D13}',7.00828,43.5567,2,3,2),(527,NULL,660,1,NULL,'103 avenue de lâtre de tassigny ',NULL,'06029',NULL,'chpayet','2020-02-10 10:41:43','chpayet','2020-02-10 10:41:43','{C1A3E765-9464-4F7A-B799-498BDA0E391E}',7.0085,43.5636,1,3,2),(528,NULL,4000,1,NULL,'93 avenue Jean de lattre de tassigny ',NULL,'06029',NULL,'chpayet','2020-02-10 10:44:00','chpayet','2020-02-10 10:44:00','{A9AC3D25-494F-40C4-9077-84115950BC37}',7.00996,43.5622,4,3,4),(529,NULL,2000,1,NULL,'Avenue reine astrid',NULL,'06029',NULL,'chpayet','2020-02-10 13:51:36','chpayet','2020-02-10 13:51:36','{1730DDFB-CF65-4189-B2E0-D891AD17A4EE}',7.0391,43.5393,4,3,4),(530,NULL,750,1,NULL,'15 avenue docteur bernard',NULL,'06029',NULL,'chpayet','2020-02-11 13:10:20','chpayet','2020-02-11 13:10:20','{4CD6EC67-9C25-496F-BBA6-00B518B91F0A}',7.01223,43.5602,2,3,2),(531,NULL,4000,2,NULL,'8 avenue saint Louis ',NULL,'06029',NULL,'chpayet','2020-02-11 13:15:59','chpayet','2020-02-11 13:15:59','{B5D9C089-634F-42BC-9B39-8DD32FD1ED21}',7.01494,43.5564,4,3,4),(532,NULL,3000,1,NULL,'Bd du riou',NULL,'06029',NULL,'chpayet','2020-02-11 13:50:50','chpayet','2020-02-11 13:50:50','{6064E1BC-682D-438D-8CAE-53A9F7773C90}',7.00159,43.5619,4,3,4),(533,NULL,660,1,NULL,'76 avenue maréchal Gallieni ',NULL,'06029',NULL,'chpayet','2020-02-12 08:19:42','chpayet','2020-02-12 08:19:42','{450C8C12-0E48-4B3F-8B75-B825F6B77118}',7.01784,43.5593,2,3,2),(534,NULL,3000,1,NULL,'15 rue Boucicaut ',NULL,'06029',NULL,'chpayet','2020-02-12 08:25:55','chpayet','2020-02-12 08:25:55','{9BAA723D-61F0-4AC5-9FA8-0DB2D48E65DE}',7.02091,43.5582,4,3,4),(535,NULL,3000,1,NULL,'31 rue de mimont',NULL,'06029',NULL,'chpayet','2020-02-12 08:53:06','chpayet','2020-02-12 08:53:06','{F7366787-D473-40B8-9F81-75D52AC66FC7}',7.02224,43.5554,3,3,NULL),(536,NULL,750,10,NULL,'Place gambetta',NULL,'06029',NULL,'chpayet','2020-02-12 09:16:41','chpayet','2020-02-12 09:16:41','{0B9368B4-CCE2-4990-9D9B-45C8AA164290}',7.02277,43.5537,1,3,2),(537,NULL,3000,1,NULL,'30 rue pasteur',NULL,'06029',NULL,'chpayet','2020-02-12 09:28:48','chpayet','2020-02-12 09:28:48','{22D3EDB1-4768-46B7-A0E6-314F164BEE70}',7.02906,43.5495,3,3,2),(538,NULL,3000,2,NULL,'Square croisette',NULL,'06029',NULL,'chpayet','2020-02-12 09:35:59','chpayet','2020-02-12 09:35:59','{311910D8-96E1-4DC1-9B05-04A1E8CD5792}',7.03275,43.5462,3,3,2),(539,NULL,660,1,NULL,'Place de l etang',NULL,'06029',NULL,'chpayet','2020-02-12 10:19:59','chpayet','2020-02-12 10:19:59','{380B6601-9432-4BFF-9A1B-2E0F7560BC3B}',7.03761,43.5388,1,3,1),(540,NULL,3000,1,NULL,'Rue amador lopez',NULL,'06029',NULL,'chpayet','2020-04-17 07:51:36','chpayet','2020-04-17 07:51:36','{59F01BEB-498E-4B3A-8D75-9FEB5CD2D238}',6.96323,43.5561,3,3,NULL),(541,NULL,660,1,NULL,'Place de l etang',NULL,'06029',NULL,'chpayet','2020-02-12 10:20:33','chpayet','2020-02-12 10:20:33','{E4CAA29D-5D43-47D1-973D-1F89DA0F3373}',7.03759,43.5388,1,3,2),(542,NULL,3000,1,NULL,'177 avenue de la république ',NULL,'06029',NULL,'chpayet','2020-02-13 08:43:27','chpayet','2020-02-13 08:43:27','{FDED27DE-F229-48C7-9E2F-5D71056C2F05}',7.02099,43.5628,3,3,NULL),(543,NULL,3000,1,NULL,'Chemin des rainettes',NULL,'06029',NULL,'chpayet','2020-04-17 08:00:37','chpayet','2020-04-17 08:00:37','{CD6D6053-E42F-4478-B41E-B8392A0A054C}',6.96305,43.5572,3,3,NULL),(544,NULL,3000,1,NULL,'8 avenue des coteaux ',NULL,'06029',NULL,'chpayet','2020-02-13 08:48:58','chpayet','2020-02-13 08:49:16','{75BEC0BD-2642-48C7-9B66-7D7302B7AA58}',7.0226,43.5662,4,3,4),(545,NULL,660,1,NULL,'45 avenue Paul doumer',NULL,'06030',NULL,'chpayet','2020-02-13 09:41:01','chpayet','2020-02-13 09:41:01','{5389E3CE-49E9-4300-A443-358F85B0BFF7}',7.01127,43.5686,2,3,1),(546,NULL,660,1,NULL,'Impasse de l horloge ',NULL,'06030',NULL,'chpayet','2020-02-13 09:44:33','chpayet','2020-02-13 09:44:33','{0C970D9F-7FFD-4E4F-BB36-2F236428C90B}',7.00747,43.5704,2,3,2),(547,NULL,660,3,NULL,'Place pierre sauvaigo',NULL,'06030',NULL,'chpayet','2020-02-13 10:17:09','chpayet','2020-02-13 10:17:09','{6A0D4C5E-3B58-4767-A9B2-1CF5836915FB}',6.99487,43.5699,1,3,1),(548,NULL,660,1,NULL,'71 boulevard de la république ',NULL,'06030',NULL,'chpayet','2020-02-13 10:25:37','chpayet','2020-02-13 10:25:37','{429D8C6F-07BA-4BFC-8540-E604D5CDA0A3}',6.99227,43.5678,2,3,2),(549,NULL,660,1,NULL,'Chemin de l olivet',NULL,'06030',NULL,'chpayet','2020-02-13 10:29:35','chpayet','2020-02-13 10:29:35','{C76A037E-7003-40A8-B1AE-54AA7B73396A}',6.99245,43.5678,2,3,1),(550,NULL,3000,1,NULL,'Boulevard leader',NULL,'06029',NULL,'chpayet','2020-02-13 10:34:05','chpayet','2020-02-13 10:34:05','{EF008424-C456-4A31-8BC1-94A8B693542E}',6.98928,43.566,3,3,2),(551,NULL,660,1,NULL,'102 boulevard du perrier',NULL,'06030',NULL,'chpayet','2020-02-13 10:38:58','chpayet','2020-02-13 10:38:58','{6691A044-8EF7-4F81-AFA7-D58F5AE7489B}',6.98894,43.5665,2,3,NULL),(552,NULL,2000,1,NULL,'Rue Marco del ponte',NULL,'06029',NULL,'chpayet','2020-02-13 12:24:24','chpayet','2020-02-13 12:24:24','{C4C0FAAF-62C5-416F-B80C-3F815C2AAD43}',6.9803,43.5492,3,3,2),(553,NULL,3000,1,NULL,'53 avenue Michel jourdan',NULL,'06029',NULL,'chpayet','2020-02-13 12:40:21','chpayet','2020-02-13 12:40:21','{7E99A6FC-3BA2-479F-B4E2-4D0F4E2CDDBB}',6.97458,43.5532,4,3,4),(554,NULL,750,1,NULL,'Boulevard du midi','Face sicasil','06029',NULL,'chpayet','2020-02-13 13:36:42','chpayet','2020-02-13 13:36:42','{91FA8E4A-E98B-4A0F-90D0-5AD613F3A3FF}',6.96581,43.5437,1,3,2),(555,NULL,660,2,NULL,'16 boulevard du midi',NULL,'06029',NULL,'chpayet','2020-02-13 13:47:56','chpayet','2020-02-13 13:47:56','{F9484D65-7818-4963-839E-AFACBE74D4DC}',6.9787,43.5474,2,3,2),(556,NULL,3000,1,NULL,'Allée de la marine',NULL,'06079',NULL,'chpayet','2020-02-17 14:29:08','chpayet','2020-02-17 14:29:08','{7955C91E-0F1E-4004-A0B3-64CEE1204CC2}',6.93523,43.5369,7,3,1),(557,NULL,3000,1,NULL,'Allée de la marine',NULL,'06079',NULL,'chpayet','2020-02-17 14:24:55','chpayet','2020-02-17 14:30:36','{129BD8F5-DDFC-4E3C-8DF7-A35195CEE85E}',6.94006,43.5377,7,3,NULL),(558,NULL,3000,1,NULL,'Chemin du caroubier',NULL,'06029',NULL,'chpayet','2020-04-17 08:04:53','chpayet','2020-04-17 08:04:53','{5035BC7B-492A-424B-9962-9266F1226E49}',6.96254,43.5576,3,3,NULL),(559,NULL,2000,1,NULL,'Boulevard louis negrin',NULL,'06029',NULL,'chpayet','2020-02-18 14:47:06','chpayet','2020-02-18 14:47:06','{D97C5FA5-8A65-48CF-A94C-489086E14FD5}',6.97611,43.5498,3,3,NULL),(560,NULL,2000,1,NULL,'Avenue de la pinea',NULL,'06079',NULL,'chpayet','2020-05-05 07:54:41','chpayet','2020-05-05 07:54:41','{B7A52CF8-673F-4239-83B8-9C920B18C49B}',6.94564,43.5355,3,3,NULL),(561,NULL,3000,1,NULL,'Rue docteur baloux',NULL,'06029',NULL,'chpayet','2020-02-18 14:53:26','chpayet','2020-02-18 14:53:26','{8B4FB47B-0610-4A4B-B8CD-3D4186CDFDBE}',6.97691,43.5507,4,3,4),(562,NULL,3000,1,NULL,'146 avenue Michel jourdan',NULL,'06029',NULL,'chpayet','2020-04-17 08:22:44','chpayet','2020-04-17 08:22:44','{3A216FFD-E03F-45DE-A5F3-BB4C3FBA9256}',6.96857,43.5583,4,3,4),(563,NULL,3000,1,NULL,'Parking géant casino',NULL,'06079',NULL,'chpayet','2020-02-20 12:38:37','chpayet','2020-02-20 12:38:37','{07329EE7-9A32-4378-BE53-685D30AD01F1}',6.93387,43.533,7,3,1),(564,NULL,2000,1,NULL,'Rue du grand mur',NULL,'06085',NULL,'chpayet','2020-06-02 12:35:55','chpayet','2020-06-02 12:35:55','{AC2BBC8F-0106-4FC2-A2F4-EFFCA1496594}',7.03987,43.5871,3,3,2),(565,NULL,3000,1,NULL,'Rue Alfred de musset',NULL,'06029',NULL,'chpayet','2020-04-17 08:42:49','chpayet','2020-04-17 08:42:49','{77F8D3F4-4849-4BDD-B02D-75BCE686BBF9}',6.96617,43.5697,3,3,NULL),(566,NULL,2000,1,NULL,'Route du golf',NULL,'06079',NULL,'chpayet','2020-05-05 08:16:08','chpayet','2020-05-05 08:16:08','{BEBCB2A8-F401-4B24-8903-D0EF5C7095F0}',6.93783,43.5322,3,3,NULL),(567,NULL,660,1,NULL,'Avenue Georges Pompidou ',NULL,'06030',NULL,'chpayet','2020-04-17 10:50:08','chpayet','2020-04-17 10:50:08','{8E79E252-42EC-4636-BFD8-12A5E4BC93B3}',6.98171,43.5688,2,3,2),(568,NULL,660,1,NULL,'Chemin de l estelle',NULL,'06030',NULL,'chpayet','2020-04-17 11:09:50','chpayet','2020-04-17 11:09:50','{180334D9-CE69-41C2-BE86-B449827ED594}',6.99719,43.5712,2,3,NULL),(569,NULL,3000,1,NULL,'Chemin de l horizon ',NULL,'06085',NULL,'chpayet','2020-04-29 10:25:08','chpayet','2020-04-29 10:25:08','{241CABA8-7AA9-484B-B640-CD3760AB4405}',6.99468,43.5997,3,3,NULL),(570,NULL,3000,2,NULL,'Allée calypso ',NULL,'06079',NULL,'chpayet','2020-05-05 08:26:01','chpayet','2020-05-05 08:26:01','{4B5DFFDA-E864-4D6A-8452-6AE952A7E67F}',6.93539,43.5344,7,3,1),(571,NULL,660,5,NULL,'Chemin de l horizon ',NULL,'06085',NULL,'chpayet','2020-04-29 10:26:07','chpayet','2020-04-29 10:26:07','{6CA6C981-E433-4D17-920A-59F3355CECCB}',6.9947,43.5997,1,3,2),(572,NULL,660,2,NULL,'166 impasse campane',NULL,'06085',NULL,'chpayet','2020-04-29 10:47:25','chpayet','2020-04-29 10:47:25','{8DB8ACC5-E86D-4D85-B8BA-901F64AE58ED}',6.99758,43.5882,1,3,2),(573,NULL,2000,1,NULL,'Rue saint Vincent de paul',NULL,'06079',NULL,'chpayet','2020-05-05 09:41:35','chpayet','2020-05-05 09:41:35','{D817580E-0A79-4B70-BF1F-E22E0FEAF3E5}',6.93853,43.5412,3,3,NULL),(574,NULL,660,1,NULL,'1087 chemin des campelieres',NULL,'06085',NULL,'chpayet','2020-04-29 11:10:08','chpayet','2020-04-29 11:10:08','{AB77003F-56D9-4DFF-8F71-0DE82436E1E9}',7.00866,43.5823,2,3,2),(575,NULL,660,1,NULL,'14 avenue Jules ferry',NULL,'06030',NULL,'chpayet','2020-04-29 11:34:56','chpayet','2020-04-29 11:34:56','{F94CCD32-462F-445A-90BB-FC5C650490F4}',7.0042,43.572,2,3,2),(576,NULL,3000,1,NULL,'Avenue des écureuils ',NULL,'06079',NULL,'chpayet','2020-05-05 09:50:52','chpayet','2020-05-05 09:50:52','{283435A7-8055-4E99-8781-C9ACDB7F1057}',6.94259,43.5416,7,3,1),(577,NULL,660,1,NULL,'Boulevard cointet',NULL,'06029',NULL,'chpayet','2020-04-29 12:46:48','chpayet','2020-04-29 12:46:48','{8C05FF80-6917-4201-AE36-3AFEF178C631}',6.99668,43.5566,2,3,2),(578,NULL,3000,1,NULL,'Avenue Marcel pagnol',NULL,'06079',NULL,'chpayet','2020-05-05 09:55:18','chpayet','2020-05-05 09:55:18','{E351513E-1E62-46B7-B89D-9C05F2AD3B85}',6.94223,43.5453,7,3,1),(579,NULL,3000,1,NULL,'Avenue Marcel pagnol',NULL,'06079',NULL,'chpayet','2020-05-05 09:56:50','chpayet','2020-05-05 09:56:50','{EA3C555A-9BB0-40A2-ABB1-BDC3CA5AC6D4}',6.94282,43.5459,7,3,1),(580,NULL,2000,1,NULL,'Avenue des anciens combattants ','Gymnase costerousse','06079',NULL,'chpayet','2020-05-05 10:04:39','chpayet','2020-05-05 10:04:39','{4D129F98-05BF-45FC-A59E-61DCDFD2FC00}',6.94145,43.5547,3,3,NULL),(581,NULL,2000,1,NULL,'Place des mimosas',NULL,'06079',NULL,'chpayet','2020-05-05 10:34:04','chpayet','2020-05-05 10:34:04','{51A53641-3B0F-4E24-B6CA-A3636371F60A}',6.93783,43.5443,3,3,NULL),(582,NULL,3000,1,NULL,'166 avenue janvier passero',NULL,'06079',NULL,'chpayet','2020-05-05 10:38:27','chpayet','2020-05-05 10:38:27','{E55720F2-B540-4C10-B851-ED8DEA2C39F9}',6.93863,43.5478,7,3,1),(583,NULL,2000,1,NULL,'Boulevard chanoine Francis coeuret',NULL,'06029',NULL,'chpayet','2020-06-30 11:59:58','chpayet','2020-06-30 11:59:58','{66303D73-1B5E-4C59-A4C3-C67866EA94B8}',7.03754,43.5451,4,3,NULL),(584,NULL,3000,1,NULL,'Place saint jin jin',NULL,'06029',NULL,'chpayet','2020-06-11 12:24:18','chpayet','2020-06-11 12:24:18','{AAF3A39B-5E1B-4342-82BD-9ABFE180DF2D}',7.03853,43.5425,3,3,2),(585,NULL,660,1,NULL,'Impasse des cassiflores',NULL,'06029',NULL,'chpayet','2020-02-10 10:26:23','chpayet','2020-07-31 07:29:28','{D8512832-68C9-4806-8D6E-19E9317E220C}',7.00521,43.5579,2,3,2),(586,NULL,660,1,NULL,'Rue du golfe juan',NULL,'06029',NULL,'chpayet','2020-06-11 12:30:23','chpayet','2020-06-11 12:30:23','{BEDC64B8-4532-463D-A96A-C770344E1680}',7.03958,43.5419,1,3,2),(587,NULL,660,1,NULL,'Avenue d orient',NULL,'06029',NULL,'chpayet','2020-06-11 12:46:22','chpayet','2020-06-11 12:46:22','{136C75F3-19D5-4B60-B17F-D00565A8B66E}',7.03064,43.5524,1,3,2),(588,NULL,660,1,NULL,'Port canto',NULL,'06029',NULL,'chpayet','2020-06-16 13:47:26','chpayet','2020-06-16 13:47:26','{E912D3DA-B842-4EA7-B66A-FF5E8EEC21BD}',7.03436,43.5443,1,3,2),(589,NULL,660,1,NULL,'Port canto',NULL,'06029',NULL,'chpayet','2020-06-16 13:50:38','chpayet','2020-06-16 13:50:38','{C7786E11-E6FF-4B9A-9292-CD2174E3B2D3}',7.03218,43.5434,1,3,2),(590,NULL,660,1,NULL,'Port canto ',NULL,'06029',NULL,'chpayet','2020-06-16 13:52:37','chpayet','2020-06-16 13:52:37','{4FF45D41-B332-445D-B846-7C8419F66E8A}',7.0319,43.5426,1,3,2),(591,NULL,660,1,NULL,'Port canto ',NULL,'06029',NULL,'chpayet','2020-06-16 13:54:18','chpayet','2020-06-16 13:54:18','{038445FB-E234-4108-B0F6-F829D1D4B7EF}',7.03164,43.5419,1,3,2),(592,NULL,660,1,NULL,'Port canto ',NULL,'06029',NULL,'chpayet','2020-06-16 13:59:35','chpayet','2020-06-16 13:59:35','{B7EE514B-F466-474B-9AB5-2270B9C65BF8}',7.0344,43.5426,1,3,2),(593,NULL,660,6,NULL,'Port canto ',NULL,'06029',NULL,'chpayet','2020-06-16 14:01:49','chpayet','2020-06-16 14:01:49','{8CA8D42C-DA7F-45F3-8FDC-77CDBA3C0E6E}',7.03419,43.5409,1,3,2),(594,NULL,660,1,NULL,'Port canto ',NULL,'06029',NULL,'chpayet','2020-06-16 14:04:24','chpayet','2020-06-16 14:04:24','{EA4EA1F7-2411-48B2-AEC0-EB4CA745FEBC}',7.03363,43.5409,2,3,2),(595,NULL,660,1,NULL,'Port canto ',NULL,'06029',NULL,'chpayet','2020-06-16 14:06:37','chpayet','2020-06-16 14:06:37','{356C2E0C-0F81-4FD0-BF31-404A71EC4699}',7.03336,43.5404,2,3,2),(596,NULL,660,1,NULL,'11 boulevard de la ferrage',NULL,'06029',NULL,'chpayet','2020-06-18 12:19:00','chpayet','2020-06-18 12:19:00','{B72058C7-89DF-4D9C-8EED-2C6B1CEC4511}',7.01598,43.5537,2,3,2),(597,NULL,3000,3,NULL,'Boulevard bellevue',NULL,'06079',NULL,'chpayet','2020-06-18 13:01:43','chpayet','2020-06-18 13:01:43','{3EB6F6EE-6CD5-4463-8F4C-8C921E1352B8}',6.92829,43.5492,7,3,1),(598,NULL,3000,1,NULL,'Avenue des mussugues',NULL,'06079',NULL,'chpayet','2020-06-18 13:10:54','chpayet','2020-06-18 13:10:54','{D989E355-9B9B-40DB-AF56-A900F1B9FD7C}',6.92784,43.5488,7,3,1),(599,NULL,2000,2,NULL,'Place du souvenir français ',NULL,'06079',NULL,'chpayet','2020-06-18 13:27:27','chpayet','2020-06-18 13:27:27','{F8E6C190-4DF0-4FB8-AF8D-00C1B6BA1AE2}',6.93743,43.5552,3,3,NULL),(600,NULL,2000,1,NULL,'Rue du docteur escarras',NULL,'06079',NULL,'chpayet','2020-06-18 13:31:21','chpayet','2020-06-18 13:31:21','{D7F44F72-2A48-4A86-B151-FC9971D719AC}',6.93859,43.5563,3,3,NULL),(601,NULL,3000,1,NULL,'Avenue du général garbay',NULL,'06079',NULL,'chpayet','2020-06-18 13:42:24','chpayet','2020-06-18 13:42:24','{E2BAEE51-06D3-46CF-8EC2-646A61F0B28C}',6.9411,43.5586,7,3,1),(602,NULL,2000,1,NULL,'Avenue bon pin',NULL,'06079',NULL,'chpayet','2020-06-18 13:48:12','chpayet','2020-06-18 13:48:12','{BFA22C4E-4C99-476D-B6FD-40E47FA99928}',6.93924,43.5628,3,3,NULL),(603,NULL,340,1,NULL,'Rue konigstein',NULL,'06030',NULL,'chpayet','2020-06-22 12:33:43','chpayet','2020-06-22 12:33:43','{4A53ECD9-6588-4280-9368-FE483F6520A5}',7.01833,43.576,1,3,2),(604,NULL,660,1,NULL,'Allée des mesanges',NULL,'06030',NULL,'chpayet','2020-06-22 12:42:52','chpayet','2020-06-22 12:42:52','{81576244-3C1C-4B69-AFDE-AA0585D9A75E}',7.02163,43.5748,2,3,2),(605,NULL,2000,1,NULL,'Allée pierre de Coubertin ',NULL,'06085',NULL,'chpayet','2020-06-22 13:38:43','chpayet','2020-06-22 13:38:43','{80F4603E-B900-4000-BECB-51AFFA2621B8}',7.0156,43.6096,3,3,2),(606,NULL,240,2,NULL,'24 chemin des plaines',NULL,'06030',NULL,'chpayet','2020-06-24 09:56:04','chpayet','2020-06-24 09:56:04','{98AD2D36-FCB0-459C-ABA7-3F9946690F59}',7.02254,43.5723,2,3,2),(607,NULL,340,1,NULL,'56 route de valbonne',NULL,'06030',NULL,'chpayet','2020-05-07 07:29:07','chpayet','2020-05-07 07:29:07','{4F3ADB2F-67F7-4E49-AFA7-545C01FE0267}',7.01292,43.5803,2,3,2),(608,NULL,240,1,NULL,'22 chemin des plaines',NULL,'06030',NULL,'chpayet','2020-06-24 09:58:28','chpayet','2020-06-24 09:58:28','{B7CA8A17-2BDF-4656-9A76-354CAA19FA17}',7.02194,43.5721,2,3,2),(609,NULL,660,1,NULL,'36 route de valbonne',NULL,'06030',NULL,'chpayet','2020-05-07 07:33:38','chpayet','2020-05-07 07:33:38','{4B2D9D20-D6B4-4064-A23D-D0F82722EBBB}',7.01575,43.5783,1,3,2),(610,NULL,660,1,NULL,'15 route de valbonne',NULL,'06030',NULL,'chpayet','2020-05-07 07:43:29','chpayet','2020-05-07 07:43:29','{D1D64E22-3F6F-4AB4-8883-F4A754BD4EB9}',7.01701,43.578,2,3,2),(611,NULL,660,1,NULL,'1 rue Victor hugo',NULL,'06030',NULL,'chpayet','2020-05-07 07:45:44','chpayet','2020-05-07 07:45:44','{F60E77AA-06A3-4E2C-9BE0-D4EC109A769E}',7.01695,43.5776,2,3,2),(612,NULL,660,2,NULL,'31 bd de la ferrage',NULL,'06029',NULL,'chpayet','2020-01-28 09:29:19','chpayet','2020-07-21 06:37:05','{1FB1B2E3-32F0-4A77-B986-7C556A828C2A}',7.01278,43.5529,2,3,2),(613,NULL,660,1,NULL,'Rue du cros',NULL,'06030',NULL,'chpayet','2020-05-07 07:51:57','chpayet','2020-05-07 07:51:57','{9E4C91A5-6CB2-4E5C-B490-AA5765CE7FFB}',7.01718,43.5762,2,3,2),(614,NULL,4000,2,NULL,'Rue Jean monnet',NULL,'06079',NULL,'chpayet','2020-08-17 08:53:06','chpayet','2020-08-17 08:53:06','{A61E0FC0-66A7-421E-A219-352C98C19735}',6.91672,43.5412,7,3,NULL),(615,NULL,660,1,NULL,'13 chemin des breguieres',NULL,'06030',NULL,'chpayet','2020-05-07 07:55:12','chpayet','2020-05-07 07:55:12','{C37D308E-ABDA-48FB-B453-94070F4E355B}',7.01796,43.5782,2,3,2),(616,NULL,240,1,NULL,'31 bd de la ferrage',NULL,'06029',NULL,'chpayet','2020-01-28 09:30:29','chpayet','2020-07-21 06:37:21','{D53C1BD2-E4E7-431A-8537-E27997912518}',7.01276,43.5529,2,3,2),(617,NULL,660,1,NULL,'Rue des hautes breguieres ',NULL,'06030',NULL,'chpayet','2020-05-07 08:07:03','chpayet','2020-05-07 08:07:03','{2AEEB037-F9F9-4A19-A8D1-E91DE40D8638}',7.02306,43.582,2,3,2),(618,NULL,660,1,NULL,'790 route de serra capeou ',NULL,'06030',NULL,'chpayet','2020-05-07 08:18:36','chpayet','2020-05-07 08:18:36','{B82E220F-D5AF-499B-A95B-0D2DA9C48AB9}',7.0256,43.5796,2,3,2),(619,NULL,660,1,NULL,'7 avenue victoria',NULL,'06030',NULL,'chpayet','2020-05-07 08:35:37','chpayet','2020-05-07 08:35:37','{C9F4A1FA-E12B-450B-84B7-7CD624BA743F}',7.02446,43.5771,2,3,2),(620,NULL,660,1,NULL,'Avenue loubon',NULL,'06029',NULL,'chpayet','2020-05-07 09:13:25','chpayet','2020-05-07 09:13:25','{E864FB8C-DB46-410B-BD49-E985AC4F10FD}',7.02898,43.5682,2,3,2),(621,NULL,660,1,NULL,'Corniche du paradis ',NULL,'06029',NULL,'chpayet','2020-05-07 09:25:14','chpayet','2020-05-07 09:25:14','{69E8FC09-D116-4F13-B1EE-8A2011D39A43}',7.03726,43.5637,2,3,2),(622,NULL,660,1,NULL,'Chemin des collines',NULL,'06029',NULL,'chpayet','2020-05-07 09:43:24','chpayet','2020-05-07 09:43:24','{33D71D15-DC05-4284-9163-6B92CF4DF866}',7.03998,43.5657,2,3,2),(623,NULL,660,1,NULL,'Impasse fiesole',NULL,'06029',NULL,'chpayet','2020-05-07 10:13:39','chpayet','2020-05-07 10:13:39','{2886C623-6D0A-41F5-A6D1-C5CD5CD6AD4A}',7.04067,43.5599,1,3,2),(624,NULL,660,1,NULL,'Boulevard saint georges',NULL,'06029',NULL,'chpayet','2020-05-07 10:22:48','chpayet','2020-05-07 10:22:48','{7E726684-E634-416D-BD65-0FA611B09E33}',7.04027,43.5537,2,3,2),(625,NULL,2000,1,NULL,'Avenue janvier passero ',NULL,'06079',NULL,'chpayet','2020-05-12 09:20:31','chpayet','2020-05-12 09:20:31','{243B9DC7-9B56-4CD4-93CF-F739343EDAD5}',6.9383,43.554,3,3,NULL),(626,NULL,4000,3,NULL,'Domaine du grand duc',NULL,'06079',NULL,'chpayet','2020-08-17 09:05:08','chpayet','2020-08-17 09:05:08','{D5C22AE7-6F94-4DBA-9D05-AF97183B1C27}',6.9138,43.5453,7,3,1),(627,NULL,2000,1,NULL,'295 avenue janvier passero ',NULL,'06079',NULL,'chpayet','2020-05-12 09:31:17','chpayet','2020-05-12 09:31:17','{B757CD7E-4D62-4201-86D7-76CA8B9BCBCC}',6.93817,43.5507,3,3,NULL),(628,NULL,660,2,NULL,'10 rue Gaston cauvin',NULL,'06030',NULL,'chpayet','2020-06-29 08:32:20','chpayet','2020-06-29 08:32:20','{9CB6DB03-3829-4178-83CD-D64BFD668F68}',7.0223,43.5696,2,3,2),(629,NULL,2000,2,NULL,'Avenue de la république ','Parking public','06079',NULL,'chpayet','2020-07-21 13:07:03','chpayet','2020-07-21 13:08:05','{ABF7EDE4-6DD2-4AFA-971C-B1166F6DF465}',6.93309,43.5414,3,3,NULL),(630,NULL,660,1,NULL,'Rue ricord laty',NULL,'06029',NULL,'chpayet','2020-06-29 09:50:32','chpayet','2020-06-29 09:50:32','{B302555B-0FB8-487A-800D-797EA949F98A}',7.03939,43.5445,1,3,2),(631,NULL,2000,1,NULL,'Boulevard d alsace',NULL,'06029',NULL,'chpayet','2020-05-12 12:25:11','chpayet','2020-05-12 12:26:13','{A487D901-041F-43CE-9374-B4970E36A7E0}',7.03459,43.5461,3,3,2),(632,NULL,4000,1,NULL,'75 avenue maréchal juin ',NULL,'06029',NULL,'chpayet','2020-05-12 12:37:51','chpayet','2020-05-12 12:37:51','{25869F3B-72DD-49DF-BE3E-350C9DDB2D22}',7.03963,43.5484,4,3,4),(633,NULL,3000,1,NULL,'Rue madame de sevigne',NULL,'06079',NULL,'chpayet','2020-07-21 13:14:47','chpayet','2020-07-21 13:14:47','{54C7EA8B-0A4C-4ED5-94D7-E1BC3F5337A3}',6.93307,43.5403,7,3,1),(634,NULL,2000,1,NULL,'26 avenue maréchal juin ',NULL,'06029',NULL,'chpayet','2020-05-12 12:55:29','chpayet','2020-05-12 12:55:29','{98747488-AF0C-415A-9401-D0CA21B13D04}',7.03332,43.5504,3,3,NULL),(635,NULL,4000,1,NULL,'Déchèterie du cannet','Traverse de l aubarede','06030',NULL,'chpayet','2020-07-23 09:25:47','chpayet','2020-07-23 09:25:47','{49F75C56-9499-4DB3-9B15-9091148CB599}',6.98419,43.567,7,3,1),(636,NULL,660,1,NULL,'Rue santo reino',NULL,'06079',NULL,'chpayet','2020-08-17 09:21:57','chpayet','2020-08-17 09:21:57','{1B1B4C92-48FE-441F-8178-BBB010A41995}',6.9399,43.5263,1,3,2),(637,NULL,3000,1,NULL,'Avenue petite colline',NULL,'06085',NULL,'chpayet','2020-06-23 06:29:53','chpayet','2020-07-27 13:31:23','{8CB8816D-5531-411B-8466-84A034299615}',7.04161,43.591,3,3,2),(638,NULL,660,1,NULL,'Rue de la plage',NULL,'06079',NULL,'chpayet','2020-07-30 12:23:41','chpayet','2020-07-30 12:23:41','{CD59E9F5-414F-45C6-B443-7529A30DBB55}',6.94239,43.5232,1,3,2),(639,NULL,340,1,NULL,'Rue de la plage',NULL,'06079',NULL,'chpayet','2020-07-30 12:24:40','chpayet','2020-07-30 12:24:40','{6B02D1F9-047C-444E-B451-607F169E8DF3}',6.94238,43.5232,1,3,2),(640,NULL,3000,1,NULL,'Avenue du riou ',NULL,'06079',NULL,'chpayet','2020-08-17 09:32:49','chpayet','2020-08-17 09:32:49','{F4919813-EBBF-4AA0-83D5-0125E2A7E2DB}',6.94203,43.5282,7,3,1),(641,NULL,4000,1,NULL,'Avenue pierre semard',NULL,'06029',NULL,'chpayet','2020-08-19 08:54:41','chpayet','2020-08-19 08:54:41','{43883A7A-5D3B-459C-986A-75002921DD3B}',6.9774,43.5483,3,3,2),(642,NULL,660,1,NULL,'Traverse de l escalinado',NULL,'06030',NULL,'chpayet','2020-08-20 08:45:40','chpayet','2020-08-20 08:45:40','{0A1BB7D6-E41F-4661-9DF6-9DD304255D74}',7.01012,43.571,2,3,2),(643,NULL,340,1,NULL,'1 avenue franklin Roosevelt ',NULL,'06030',NULL,'chpayet','2020-08-24 07:48:33','chpayet','2020-08-24 07:48:33','{837C02D8-512D-46EB-ABB2-D35B6DE5A8A4}',7.00509,43.5691,2,3,2),(644,NULL,4000,1,NULL,'Boulevard esterel parc',NULL,'06079',NULL,'chpayet','2020-08-24 12:22:19','chpayet','2020-08-24 12:22:19','{67B11D05-45F2-483B-B5FA-0DB002043FA6}',6.93309,43.5358,3,3,NULL),(645,NULL,660,1,NULL,'Boulevard des roses',NULL,'06079',NULL,'chpayet','2020-08-24 12:45:39','chpayet','2020-08-24 12:45:39','{B13A58CE-4E16-4164-A687-1AF863EFE6BF}',6.93178,43.5466,1,3,2),(646,NULL,340,1,NULL,'Impasse de l islette',NULL,'06079',NULL,'chpayet','2020-08-24 13:21:56','chpayet','2020-08-24 13:21:56','{0E402032-05A5-4F83-AFFD-013C53B11BC9}',6.94284,43.5251,1,3,2),(647,NULL,4000,1,NULL,'Avenue Marcel pagnol',NULL,'06079',NULL,'chpayet','2020-08-24 13:42:41','chpayet','2020-08-24 13:42:41','{C1955642-8C7F-4C46-9AED-6259D52EDF52}',6.94244,43.5472,3,3,NULL),(648,NULL,660,1,NULL,'40 rue Louis perissol ',NULL,'06029',NULL,'chpayet','2020-08-25 08:10:42','chpayet','2020-08-25 08:10:42','{53F7FAE4-BDE2-4DA9-A47D-C5542CD2CA32}',7.01045,43.5495,1,3,2),(649,NULL,340,1,NULL,'40 rue Louis perissol ',NULL,'06029',NULL,'chpayet','2020-08-25 08:11:17','chpayet','2020-08-25 08:11:17','{2912834B-E562-4A2F-BF24-E4DD9962C1A3}',7.01045,43.5495,1,3,2),(650,NULL,2000,1,NULL,'12 avenue de france',NULL,'06029',NULL,'chpayet','2020-08-25 08:32:44','chpayet','2020-08-25 08:32:44','{DFD00F2A-4856-4FAD-B61A-CF257BD5EEE7}',7.00865,43.5654,4,3,4),(651,NULL,660,1,NULL,'Quai laubeuf',NULL,'06029',NULL,'chpayet','2020-08-26 10:51:59','chpayet','2020-08-26 10:51:59','{F7F7E55C-1D5B-4236-9213-7784D2564013}',7.01317,43.5482,2,3,2),(652,NULL,660,1,NULL,'Jetée Albert edouard',NULL,'06029',NULL,'chpayet','2020-08-26 11:07:16','chpayet','2020-08-26 11:07:16','{5DA54DFD-3D22-4056-B559-0BE3B0B314F1}',7.01677,43.55,1,3,2),(653,NULL,660,1,NULL,'Jetée Albert Édouard ',NULL,'06029',NULL,'chpayet','2020-08-26 11:11:28','chpayet','2020-08-26 11:11:28','{DF3D5208-1348-403F-A9E9-E8ECDBF4CD4F}',7.01705,43.5486,1,3,1),(654,NULL,660,1,NULL,'Jetée Albert Édouard ',NULL,'06029',NULL,'chpayet','2020-08-26 11:14:05','chpayet','2020-08-26 11:14:05','{D360BBBE-5E66-4404-ABEF-7B252210A8E6}',7.01632,43.5479,1,3,1),(655,NULL,4000,1,NULL,'Square merimee',NULL,'06029',NULL,'chpayet','2020-08-26 13:26:42','chpayet','2020-08-26 13:26:55','{E0AC43B9-DC26-46C0-A57D-C27B2A97EF8B}',7.01752,43.5517,4,3,4),(656,NULL,660,1,NULL,'Impasse du tambourin ',NULL,'06079',NULL,'chpayet','2020-08-27 08:47:30','chpayet','2020-08-27 08:47:30','{361B4F57-A0B2-4004-BA17-8810375B931E}',6.93108,43.5653,2,3,NULL),(657,NULL,660,1,NULL,'Chemin des fougères ',NULL,'06079',NULL,'chpayet','2020-08-27 09:00:02','chpayet','2020-08-27 09:00:02','{42370979-1A59-4304-96DF-4A100A63E1E9}',6.93006,43.5582,2,3,NULL),(658,NULL,660,1,NULL,'Chemin des grottes',NULL,'06079',NULL,'chpayet','2020-08-27 09:04:53','chpayet','2020-08-27 09:04:53','{D8692726-2F7D-44C5-BEA8-1BFCE4509136}',6.93028,43.5568,1,3,2),(659,NULL,340,1,NULL,'Rue notre dame des anges',NULL,'06030',NULL,'chpayet','2020-08-27 12:08:45','chpayet','2020-08-27 12:08:45','{550F82CB-242E-4D2D-9422-712DE7FCFCB7}',7.01368,43.5737,2,3,2),(660,NULL,2000,1,NULL,'Parking vallon de l autelgy',NULL,'06138',NULL,'chpayet','2019-12-04 09:52:55','chpayet','2019-12-04 09:52:55','{8C8A3146-8C8C-42B1-A448-EE103992E272}',6.93723,43.5035,7,4,1),(661,NULL,3000,1,NULL,'Rue massena',NULL,'06029',NULL,'chpayet','2020-02-05 08:33:27','chpayet','2020-02-05 08:33:27','{2066B095-8486-432C-8663-0B36B4C81159}',7.01705,43.5646,3,4,2),(662,NULL,4000,1,NULL,'37 avenue miramar',NULL,'06138',NULL,'chpayet','2019-12-06 09:06:57','chpayet','2019-12-06 09:06:57','{85771445-84A5-4946-BD65-E9F2CB95A7CA}',6.94104,43.4867,7,4,1),(663,NULL,4000,1,NULL,'Parking jean aulas',NULL,'06079',NULL,'chpayet','2020-01-07 14:49:07','chpayet','2020-01-07 15:19:44','{BB3F959C-2915-455B-8665-C1958EC20BEE}',6.94071,43.5234,3,4,NULL),(664,NULL,2000,1,NULL,'16 avenue du treyas','Parking face restaurant matipi','06138',NULL,'chpayet','2019-12-06 09:29:34','chpayet','2019-12-06 09:38:20','{7BDBEF7C-741B-4EA2-83F8-B8C3222377DC}',6.92995,43.4841,7,4,1),(665,NULL,3000,1,NULL,'1 avenue du prado',NULL,'06029',NULL,'chpayet','2020-02-05 08:55:31','chpayet','2020-02-05 08:55:31','{A6803266-3BD7-436A-8727-58BD84C7EB7E}',7.02244,43.5579,3,4,2),(666,NULL,4000,1,NULL,'Port figueirette ',NULL,'06138',NULL,'chpayet','2019-12-06 10:09:45','chpayet','2019-12-06 10:09:45','{D9D93078-A1B2-462E-9BFF-5A0598E005B4}',6.9342,43.485,7,4,1),(667,NULL,3000,2,NULL,'Parking bon puits',NULL,'06079',NULL,'chpayet','2020-01-09 13:10:49','chpayet','2020-01-09 13:10:49','{457C7846-6A28-4CBA-B814-8D7BD538CF36}',6.93246,43.5225,7,4,1),(668,NULL,4000,1,NULL,'Boulevard l esquillon','Beach hotel','06138',NULL,'chpayet','2019-12-06 10:22:19','chpayet','2019-12-06 10:22:19','{5BC3348A-B00C-482C-8AC9-6A9C4016A934}',6.93773,43.4856,7,4,1),(669,NULL,2000,2,NULL,'Avenue de la côte d azur','A côté du snack','06138',NULL,'chpayet','2019-12-06 10:44:45','chpayet','2019-12-06 10:44:45','{3EC873BD-C98B-46CD-AEAB-9AB7BE498853}',6.94501,43.4937,7,4,1),(670,NULL,4000,1,NULL,'Place de provence',NULL,'06079',NULL,'chpayet','2020-01-09 13:38:06','chpayet','2020-01-09 13:38:06','{D0A7BC88-1178-4D57-9DC0-DCB31FA6A0F1}',6.9279,43.5287,3,4,NULL),(671,NULL,3000,1,NULL,'2 avenue isola bella',NULL,'06029',NULL,'chpayet','2020-02-05 09:13:48','chpayet','2020-02-05 09:13:48','{B25C8F92-6E04-4C9D-A4B2-4E53D6DC0DE2}',7.02441,43.556,3,4,2),(672,NULL,4000,1,NULL,'Place de Provence ',NULL,'06079',NULL,'chpayet','2020-01-09 13:40:11','chpayet','2020-01-09 13:40:11','{83093452-9E4C-40B1-93DC-71685B53EEF9}',6.92763,43.5284,3,4,NULL),(673,NULL,3000,1,NULL,'Rue Yves brayer',NULL,'06079',NULL,'chpayet','2020-01-09 13:59:58','chpayet','2020-01-09 14:03:02','{86E2348D-C1FA-4F6E-B5E4-9DBA4997B2E7}',6.9193,43.5246,7,4,1),(674,NULL,4000,1,NULL,'Avenue Robert schuman',NULL,'06079',NULL,'chpayet','2020-01-09 14:26:50','chpayet','2020-01-09 14:26:50','{DDA78DC1-F178-4F3D-BC26-4F918D8527FC}',6.92476,43.5404,3,4,NULL),(675,NULL,3000,1,NULL,'14 avenue mont fleury',NULL,'06029',NULL,'chpayet','2020-02-05 09:22:32','chpayet','2020-02-05 09:22:32','{56295196-00D5-4E00-A329-69FC565D21D2}',7.02809,43.5553,3,4,2),(676,NULL,3000,1,NULL,'Avenue Robert Schuman ',NULL,'06079',NULL,'chpayet','2020-01-09 14:33:04','chpayet','2020-01-09 14:33:04','{82033326-658A-4294-AE25-6AF6C2625AB9}',6.91792,43.539,7,4,NULL),(677,NULL,4000,1,NULL,'Avenue de l europe',NULL,'06079',NULL,'chpayet','2020-01-09 14:45:07','chpayet','2020-01-09 14:45:07','{D69A9F7A-F697-4D2E-B937-476CA79D5AD9}',6.92376,43.5363,3,4,NULL),(678,NULL,3000,1,NULL,'Rue volta',NULL,'06029',NULL,'chpayet','2020-02-05 09:27:10','chpayet','2020-02-05 09:27:10','{932DAD2E-FBC6-41C0-B9EC-9B5A247CE592}',7.02929,43.5527,3,4,2),(679,NULL,3000,1,NULL,'Rue Félix faure',NULL,'06029',NULL,'chpayet','2020-01-28 08:55:09','chpayet','2020-01-28 08:55:09','{ADDA617C-F1F7-4EB1-96F0-2290E54FCA24}',7.01449,43.552,3,4,NULL),(680,NULL,4000,1,NULL,'Marché forville ',NULL,'06029',NULL,'chpayet','2020-01-28 09:17:39','chpayet','2020-01-28 09:17:39','{6C169627-9EB4-487B-B069-4875EC88A119}',7.01158,43.5522,3,4,2),(681,NULL,2000,1,NULL,'32 boulevard de lorraine',NULL,'06029','Cliiink ','chpayet','2020-02-05 09:36:13','chpayet','2020-02-05 09:36:13','{44EB09E9-AB65-4ACC-8685-BB111FCE8242}',7.02755,43.553,7,4,NULL),(682,NULL,2000,1,NULL,'Rue Louis Blanc ',NULL,'06029','Cliiink','chpayet','2020-01-28 09:25:19','chpayet','2020-01-28 09:25:19','{1B25A481-FA71-4110-B3A3-80E990577707}',7.0129,43.5527,7,4,NULL),(683,NULL,2000,1,NULL,'24 boulevard de l esterel',NULL,'06029',NULL,'chpayet','2020-01-29 14:40:36','chpayet','2020-01-29 14:40:36','{B05CDFF3-7C23-48DF-9576-861628DC061A}',6.97159,43.5585,7,4,NULL),(684,NULL,3000,1,NULL,'Boulevard de lorraine ',NULL,'06029',NULL,'chpayet','2020-02-05 09:45:35','chpayet','2020-02-05 09:45:35','{8AA36163-449A-403D-9E3B-7FDEF507BF94}',7.02537,43.5537,7,4,NULL),(685,NULL,2000,1,NULL,'11 avenue de grasse','Face parking vauban','06029',NULL,'chpayet','2020-01-30 10:23:46','chpayet','2020-01-30 10:23:46','{D3D723CF-D370-4923-914A-2D8A020E56A4}',7.01604,43.5546,7,4,1),(686,NULL,3000,1,NULL,'Place Gérard phillipe',NULL,'06029',NULL,'chpayet','2020-01-30 10:38:13','chpayet','2020-01-30 10:38:13','{7811EAEB-E487-430E-AFF0-AF92C68ED45B}',7.01622,43.556,3,4,2),(687,NULL,2000,1,NULL,'1 rue de lerins',NULL,'06029','Cliiink ','chpayet','2020-02-05 10:10:56','chpayet','2020-02-05 10:10:56','{13422586-12A7-4648-A89C-5FD30B8CF394}',7.02649,43.5516,7,4,NULL),(688,NULL,4000,2,NULL,'Avenue maréchal Gallieni ',NULL,'06029',NULL,'chpayet','2020-01-30 11:03:36','chpayet','2020-01-30 11:03:36','{22F0DB70-ABA9-4E50-8648-A04E99658DB9}',7.01782,43.5574,3,4,NULL),(689,NULL,4000,1,NULL,'Rue cité jardin',NULL,'06030','Cliiink','chpayet','2020-01-30 13:48:52','chpayet','2020-01-30 13:48:52','{6A1F143D-B0ED-4BA0-852E-DA87DDDB81AA}',6.99805,43.5767,3,4,NULL),(690,NULL,3000,1,NULL,'Square merimee',NULL,'06029',NULL,'chpayet','2020-02-05 10:22:45','chpayet','2020-02-05 10:22:45','{7F545A00-AA18-418E-BB3F-BAF60030885D}',7.01729,43.5516,3,4,4),(691,NULL,3000,1,NULL,'Rue des reservoirs',NULL,'06030',NULL,'chpayet','2020-01-30 13:59:44','chpayet','2020-01-30 13:59:44','{36050A9B-3661-476C-9704-7C48E82082DD}',7.01193,43.5722,7,4,1),(692,NULL,4000,1,NULL,'Allées de la liberte',NULL,'06029',NULL,'chpayet','2020-02-05 10:29:00','chpayet','2020-02-05 10:29:00','{8E40D486-52F3-4348-A69E-05EEEB7A5D66}',7.01616,43.5518,3,4,NULL),(693,NULL,3000,1,NULL,'Rue de cannes impasse bracco',NULL,'06030','Cliiink','chpayet','2020-01-30 14:28:16','chpayet','2020-01-30 14:28:16','{794F5B1F-9499-4B0B-B1A9-B432A79E7FFA}',7.0198,43.572,7,4,3),(694,NULL,3000,1,NULL,'Square général Leclerc ',NULL,'06029',NULL,'chpayet','2020-02-05 10:42:48','chpayet','2020-02-05 10:42:48','{2116CF38-F1DB-44C4-8D5E-31F345D2F182}',7.01198,43.5481,3,4,2),(695,NULL,4000,2,NULL,'Parking jean giono',NULL,'06030','Cliiink','chpayet','2020-01-30 14:42:25','chpayet','2020-01-30 14:42:25','{857D052C-F5AA-4CB1-9D9A-A8254FB4A869}',7.01355,43.5761,3,4,4),(696,NULL,2000,1,NULL,'25 avenue de grasse',NULL,'06029',NULL,'chpayet','2020-02-07 13:50:57','chpayet','2020-02-07 13:50:57','{A8A81374-D308-4009-A938-E8356FA87760}',7.01512,43.555,7,4,NULL),(697,NULL,2000,1,NULL,'34 avenue Jean de lattre de tassigny',NULL,'06029','Cliiink','chpayet','2020-02-07 13:55:50','chpayet','2020-02-07 13:55:50','{228A7CA2-8116-4471-8C11-E40994255C56}',7.01218,43.5565,7,4,NULL),(698,NULL,2000,1,NULL,'63 avenue de lattre de tassigny ',NULL,'06029','Cliiink','chpayet','2020-02-07 14:02:26','chpayet','2020-02-07 14:02:26','{9CABA1B7-11ED-48F9-87EA-2CEFDCBECA9C}',7.01181,43.5581,7,4,NULL),(699,NULL,3000,1,NULL,'Angle rue des suisses et Victor tuby',NULL,'06029',NULL,'chpayet','2020-02-07 15:06:37','chpayet','2020-02-07 15:06:37','{07983B5C-81E8-4DDD-BCFC-DD8082FE2611}',7.00934,43.5517,3,4,2),(700,NULL,2000,1,NULL,'Angle bd délais avenue de grasse',NULL,'06029','Cliiink','chpayet','2020-02-10 08:19:11','chpayet','2020-02-10 08:19:11','{B6854D8C-6E90-42B1-96CB-DFBA8E6C24D2}',7.01136,43.5554,7,4,NULL),(701,NULL,2000,1,NULL,'31 rue pont saint Victor ',NULL,'06029','Cliiink ','chpayet','2020-02-10 08:32:51','chpayet','2020-02-10 08:32:51','{59C59BE8-287D-49E5-9612-F3C64815CFB2}',7.00461,43.5566,7,4,NULL),(702,NULL,2000,1,NULL,'11 bd Victor tuby',NULL,'06029','Cliiink','chpayet','2020-02-10 09:02:36','chpayet','2020-02-10 09:02:36','{15D6D1E2-A26B-48CA-B66B-D92924F2CB58}',7.01169,43.5529,7,4,NULL),(703,NULL,3000,1,NULL,'1 rue Félix faure',NULL,'06029',NULL,'chpayet','2020-02-10 09:08:50','chpayet','2020-02-10 09:08:50','{2AFAE459-ADB7-4D09-8909-DFDD9B04733D}',7.01208,43.5512,3,4,2),(704,NULL,2000,1,NULL,'Square Clemenceau ',NULL,'06029','Cliiink ','chpayet','2020-02-10 09:21:40','chpayet','2020-02-10 09:21:40','{4D65582D-7F57-4E3F-9E53-50941AB9734A}',7.00872,43.5493,7,4,NULL),(705,NULL,2000,1,NULL,'Square Frédéric mistral ',NULL,'06029',NULL,'chpayet','2020-02-10 09:31:58','chpayet','2020-02-10 09:31:58','{123ECF2D-3BD2-46CA-8E6C-7107CB031694}',7.00633,43.549,3,4,2),(706,NULL,2000,1,NULL,'12 bd du moulin',NULL,'06029','Cliiink','chpayet','2020-02-10 10:12:06','chpayet','2020-02-10 10:12:06','{C2FC8587-14E1-47FE-9B67-49DA2D16409D}',7.0071,43.5541,7,4,NULL),(707,NULL,2000,1,NULL,'203 avenue de grasse',NULL,'06029','Cliiink','chpayet','2020-02-10 10:29:47','chpayet','2020-02-10 10:29:47','{4688E446-C741-4913-99D8-69F7B53306AF}',7.00558,43.5592,7,4,NULL),(708,NULL,2000,1,NULL,'Rue Beaulieu ',NULL,'06029','Cliiink ','chpayet','2020-02-10 10:38:29','chpayet','2020-02-10 10:38:29','{4A5035AD-3B23-4F82-8B48-5CF319F16256}',7.00724,43.5607,7,4,NULL),(709,NULL,4000,1,NULL,'93 avenue Jean de lattre de tassigny ',NULL,'06029',NULL,'chpayet','2020-02-10 10:45:54','chpayet','2020-02-10 10:45:54','{E260C951-1B7F-4745-B81E-D4D6F3ABE5CF}',7.01001,43.5623,3,4,NULL),(710,NULL,2000,1,NULL,'79 avenue Jean de lattre de tassigny ',NULL,'06029','Cliiink ','chpayet','2020-02-10 10:48:05','chpayet','2020-02-10 10:48:05','{73F10645-C3A9-48AA-A648-78FCE437AC52}',7.00963,43.5604,7,4,NULL),(711,NULL,3000,2,NULL,'Avenue reine astrid',NULL,'06029',NULL,'chpayet','2020-02-10 13:48:32','chpayet','2020-02-10 13:49:54','{DF2BA8D1-F205-44DE-AE56-C0A308D52BA5}',7.03906,43.5393,3,4,NULL),(712,NULL,4000,1,NULL,'8 avenue saint Louis ',NULL,'06029','Cliiink ','chpayet','2020-02-11 13:19:16','chpayet','2020-02-11 13:19:16','{41311E59-5D5B-40F7-A1A7-67EF18789342}',7.01491,43.5565,3,4,4),(713,NULL,2000,1,NULL,'Avenue des broussailles ',NULL,'06029',NULL,'chpayet','2020-02-11 13:29:36','chpayet','2020-02-11 13:29:36','{87081FAC-7D3D-4EDD-A7B1-7A543E59A6E6}',7.00513,43.5623,7,4,NULL),(714,NULL,2000,1,NULL,'261 avenue de grasse',NULL,'06029',NULL,'chpayet','2020-02-11 13:39:20','chpayet','2020-02-11 13:40:20','{1BF2D352-D3E1-4441-B9C6-30E6C64FBB45}',7.00322,43.5634,7,4,NULL),(715,NULL,3000,2,NULL,'Bd du riou',NULL,'06029',NULL,'chpayet','2020-02-11 13:47:00','chpayet','2020-02-11 13:47:00','{8CC6F183-36A9-4135-966B-22020216DC49}',7.00159,43.562,3,4,NULL),(716,NULL,2000,1,NULL,'Bd du riou',NULL,'06029','Cliiink ','chpayet','2020-02-11 13:58:32','chpayet','2020-02-11 13:58:32','{A8C1A0AD-CB72-488E-AD92-5246FC793B86}',7.00228,43.5648,7,4,NULL),(717,NULL,2000,1,NULL,'1 rue reyer',NULL,'06029',NULL,'chpayet','2020-02-12 08:12:20','chpayet','2020-02-12 08:12:20','{311F1BF6-2C8D-4AC3-8BE4-4FBF9D94C5D0}',7.01849,43.5611,7,4,NULL),(718,NULL,2000,1,NULL,'34 rue shakespeare ',NULL,'06029',NULL,'chpayet','2020-02-12 08:15:47','chpayet','2020-02-12 08:15:47','{A1D21A12-D045-482E-AAC6-F8FB69DFD927}',7.01771,43.5602,7,4,NULL),(719,NULL,3000,1,NULL,'15 rue Boucicaut ',NULL,'06029','Cliiink','chpayet','2020-02-12 08:23:49','chpayet','2020-02-12 08:25:08','{48C20876-208C-4B5A-9344-6EB03940C8CC}',7.02092,43.5582,3,4,4),(720,NULL,2000,1,NULL,'Boulevard d alsace',NULL,'06029','Cliiink','chpayet','2020-02-12 08:41:56','chpayet','2020-02-12 08:43:50','{CDAFDEDE-23D0-44E8-B56E-28AFDC6F85E9}',7.02226,43.5543,7,4,NULL),(721,NULL,2000,1,NULL,'12 Bd d alsace',NULL,'06029','Cliiink ','chpayet','2020-02-12 08:45:48','chpayet','2020-02-12 08:45:48','{682A0076-6AE0-4AFD-9074-0F862BB77D7E}',7.02017,43.5544,7,4,NULL),(722,NULL,3000,1,NULL,'30 avenue de la roubine',NULL,'06029',NULL,'chpayet','2020-07-31 11:15:22','chpayet','2020-07-31 11:15:22','{D71E4D12-82A5-475B-AE3A-3165971D0008}',6.97457,43.5484,7,4,NULL),(723,NULL,3000,1,NULL,'Rue venizelos',NULL,'06029','Cliiink','chpayet','2020-02-12 09:04:34','chpayet','2020-02-12 09:04:34','{7BA25EC8-7338-4049-B5D4-A1CEF519BD44}',7.01727,43.5536,3,4,NULL),(724,NULL,2000,1,NULL,'30 rue pasteur',NULL,'06029',NULL,'chpayet','2020-02-12 09:26:54','chpayet','2020-02-12 09:26:54','{46AA4D1E-2127-4232-A5E3-3B9A0D99ACA9}',7.02891,43.5497,3,4,2),(725,NULL,2000,1,NULL,'Pointe croisette',NULL,'06029','Cliiink ','chpayet','2020-02-12 09:46:35','chpayet','2020-02-12 09:46:35','{247A416F-DF46-4ABE-943E-5EC4A2F0E221}',7.03667,43.5372,7,4,NULL),(726,NULL,2000,1,NULL,'177 avenue de la république ',NULL,'06029',NULL,'chpayet','2020-02-13 08:44:17','chpayet','2020-02-13 08:44:17','{D82FB384-193D-4175-BBC7-FBF767B81706}',7.02099,43.5628,3,4,NULL),(727,NULL,2000,1,NULL,'8 avenue des coteaux ',NULL,'06029',NULL,'chpayet','2020-02-13 08:50:53','chpayet','2020-02-13 08:50:53','{8BD66729-83A2-487E-83C9-F822ED3DEB64}',7.02254,43.5662,3,4,NULL),(728,NULL,3000,1,NULL,'9 avenue du docteur Émile roux',NULL,'06030','Cliiink ','chpayet','2020-02-13 09:12:03','chpayet','2020-02-13 09:12:38','{5F6B7D63-63C4-4FFA-905B-4FBDB3A040D9}',7.02356,43.573,7,4,3),(729,NULL,3000,1,NULL,'Boulevard leader',NULL,'06029',NULL,'chpayet','2020-02-13 10:34:45','chpayet','2020-02-13 10:34:45','{15D053B0-465F-4C64-A878-93EA2FB6B1E2}',6.98927,43.566,3,4,2),(730,NULL,3000,1,NULL,'Rue Marco del ponte',NULL,'06029',NULL,'chpayet','2020-02-13 12:25:54','chpayet','2020-02-13 12:25:54','{CD866B4A-3ABF-43BD-93C0-416B74CBB01E}',6.98034,43.5492,3,4,2),(731,NULL,3000,1,NULL,'53 avenue Michel jourdan',NULL,'06029','Cliiink ','chpayet','2020-02-13 12:39:23','chpayet','2020-02-13 12:39:23','{66DDB397-36D1-4B7A-A93D-C871C21F29C3}',6.97453,43.5532,3,4,4),(732,NULL,2000,1,NULL,'Avenue du vercors',NULL,'06029',NULL,'chpayet','2020-02-13 12:45:52','chpayet','2020-02-13 12:45:52','{0666E598-3357-41DD-B23D-30204991D68F}',6.97328,43.555,7,4,NULL),(733,NULL,2000,1,NULL,'Boulevard du midi ','Sicasil','06029',NULL,'chpayet','2020-02-13 13:38:35','chpayet','2020-02-13 13:38:35','{274DDD55-6209-48BC-ADD3-DD1EBBC69D05}',6.96551,43.5437,3,4,NULL),(734,NULL,2000,1,NULL,'104 avenue Michel Jourdan ',NULL,'06029',NULL,'chpayet','2020-02-13 12:50:54','chpayet','2020-02-13 12:50:54','{E010DA6D-C4E9-46BD-9CF7-04E380A0054D}',6.97166,43.5555,7,4,NULL),(735,NULL,2000,1,NULL,'Avenue Maurice chevalier ',NULL,'06029','Cliiink ','chpayet','2020-02-13 12:55:41','chpayet','2020-02-13 12:55:41','{00DA4896-5F99-4482-8BB9-5B0409B10D22}',6.96155,43.5515,7,4,NULL),(736,NULL,2000,1,NULL,'Allée de la marine',NULL,'06079',NULL,'chpayet','2020-02-17 14:29:46','chpayet','2020-02-17 14:29:46','{9F6C4F73-A3A1-4C95-A8F3-F3DCF57A2C53}',6.9352,43.5369,7,4,1),(737,NULL,2000,1,NULL,'28 avenue du docteur Raymond picaud',NULL,'06029',NULL,'chpayet','2020-02-18 13:12:32','chpayet','2020-02-18 13:12:32','{11CA9811-AE15-41B5-8BA4-375DFF8BFECF}',6.99953,43.5508,3,4,NULL),(738,NULL,2000,1,NULL,'50 avenue Jean de noailles',NULL,'06029',NULL,'chpayet','2020-02-18 13:23:20','chpayet','2020-02-18 13:23:20','{B2C31F25-3266-494E-B453-601CF23C9FA6}',6.99876,43.5545,7,4,NULL),(739,NULL,2000,1,NULL,'24 avenue amiral wester wemyss',NULL,'06029','Cliiink ','chpayet','2020-02-18 13:45:45','chpayet','2020-02-18 13:46:46','{803108C4-3B8C-4F6B-8F84-7B154E24A223}',6.99308,43.5525,7,4,NULL),(740,NULL,2000,1,NULL,'6 boulevard leader',NULL,'06029','Cliiink ','chpayet','2020-02-18 13:50:11','chpayet','2020-02-18 13:50:11','{C3C73BE8-A400-4E96-B4F2-8D09741A2318}',6.99386,43.5495,7,4,NULL),(741,NULL,2000,1,NULL,'64 avenue du docteur Raymond picaud',NULL,'06029',NULL,'chpayet','2020-02-18 14:25:34','chpayet','2020-02-18 14:25:34','{900A9022-3B51-43F5-BDEB-647381A351F4}',6.99035,43.5504,3,4,NULL),(742,NULL,2000,1,NULL,'2 avenue Francis tonner',NULL,'06029','Cliiink ','chpayet','2020-02-18 14:28:59','chpayet','2020-02-18 14:28:59','{A5399E79-CACE-45EE-8BD7-14B1B712C1DC}',6.98421,43.5493,7,4,NULL),(743,NULL,2000,1,NULL,'Boulevard louis negrin',NULL,'06029',NULL,'chpayet','2020-02-18 14:46:29','chpayet','2020-02-18 14:46:29','{24983648-2F06-4F63-BE68-ED7937900D6C}',6.97602,43.5498,3,4,NULL),(744,NULL,2000,1,NULL,'Rue docteur baloux',NULL,'06029',NULL,'chpayet','2020-02-18 14:54:17','chpayet','2020-02-18 14:54:17','{FA24EE09-B900-49DF-A631-1302F5B69F46}',6.97693,43.5506,7,4,NULL),(745,NULL,2000,1,NULL,'32 rue Joseph flory',NULL,'06029',NULL,'chpayet','2020-02-18 15:01:36','chpayet','2020-02-18 15:01:36','{0200C254-F5C9-4F3A-8171-7866FB58B626}',6.98184,43.5516,7,4,NULL),(746,NULL,3000,1,NULL,'Chemin de garibondy','La Croix du sud','06030',NULL,'chpayet','2020-07-31 13:37:13','chpayet','2020-07-31 13:37:13','{57EAECC4-1EC0-4138-91BD-EFB3CDC07104}',6.98312,43.5658,7,4,NULL),(747,NULL,2000,1,NULL,'Chemin bastide rouge',NULL,'06029',NULL,'chpayet','2020-04-17 07:31:59','chpayet','2020-04-17 07:31:59','{65160453-0E8B-4A21-BBF9-F1CD54D73F4F}',6.95612,43.5532,7,4,NULL),(748,NULL,2000,1,NULL,'161 avenue Francis toner',NULL,'06029','Face gifi','chpayet','2020-05-05 07:20:23','chpayet','2020-05-05 07:20:23','{F7394B1B-5FF2-4F05-AF0E-7A69708CC2ED}',6.97094,43.5496,7,4,NULL),(749,NULL,2000,1,NULL,'10 avenue des buissons ardents',NULL,'06029',NULL,'chpayet','2020-04-17 08:09:08','chpayet','2020-04-17 08:09:08','{B77CBB4D-9BD4-452E-A992-4C23A98886A0}',6.96373,43.5581,7,4,NULL),(750,NULL,2000,1,NULL,'Parking cimetiere du claus',NULL,'06030',NULL,'chpayet','2020-03-10 09:51:27','chpayet','2020-03-10 09:51:27','{B05FDE06-9515-4CD8-A943-120DE0C48BDD}',6.98641,43.5746,3,4,NULL),(751,NULL,2000,1,NULL,'Avenue des buissons ardents','Angle chemin de l ecole','06029','Cliiink ','chpayet','2020-04-17 08:13:32','chpayet','2020-04-17 08:14:03','{A01DD81D-BDA0-415A-89FE-B424552A74A4}',6.9653,43.5583,7,4,NULL),(752,NULL,2000,1,NULL,'Avenue des buissons ardents',NULL,'06029',NULL,'chpayet','2020-04-17 08:16:22','chpayet','2020-04-17 08:16:22','{9FB7DFF3-623A-4326-A7FA-8B13EDFCBD5B}',6.96684,43.5585,7,4,NULL),(753,NULL,3000,1,NULL,'146 avenue Michel jourdan',NULL,'06029',NULL,'chpayet','2020-04-17 08:20:47','chpayet','2020-04-17 08:20:47','{EC99EDFA-ADB4-4DC7-94B0-38B2EEE1A578}',6.96851,43.5583,3,4,4),(754,NULL,2000,1,NULL,'Rue honoré de balzac',NULL,'06029','Cliiink ','chpayet','2020-04-17 08:35:47','chpayet','2020-04-17 08:35:47','{00DDCE78-4234-4E13-A1FD-6CFBE680D6D7}',6.96567,43.569,7,4,NULL),(755,NULL,2000,1,NULL,'Avenue Victor hugo',NULL,'06029','Cliiink','chpayet','2020-04-17 08:39:50','chpayet','2020-04-17 08:39:50','{D046CCE1-8F9A-4DA1-9250-FC4C79FC2991}',6.96456,43.5702,7,4,NULL),(756,NULL,2000,1,NULL,'12 chemin rural de la frayere',NULL,'06029','Cliiink ','chpayet','2020-04-17 09:49:57','chpayet','2020-04-17 09:58:37','{421D7096-5F63-475D-B6D7-56C72D82A607}',6.96301,43.5684,7,4,NULL),(757,NULL,2000,1,NULL,'Chemin des gourguettes',NULL,'06029',NULL,'chpayet','2020-04-17 10:02:04','chpayet','2020-04-17 10:02:04','{FCC3E490-A08F-470C-AA06-A1CF11FDBC66}',6.95954,43.5715,7,4,NULL),(758,NULL,2000,1,NULL,'Chemin des gourguettes ',NULL,'06029','Cliiink ','chpayet','2020-04-17 10:05:29','chpayet','2020-04-17 10:05:29','{377D5E17-7788-4A12-A6A4-06C093842BCC}',6.95849,43.5726,7,4,NULL),(759,NULL,4000,1,NULL,'Avenue de la république ','Parking public ','06079',NULL,'chpayet','2020-07-21 13:07:48','chpayet','2020-08-17 07:41:49','{E73585CA-190B-4AF8-B420-8552724E3F85}',6.93307,43.5414,3,4,NULL),(760,NULL,2000,1,NULL,'147 avenue Maurice chevalier',NULL,'06029',NULL,'chpayet','2020-04-17 10:10:07','chpayet','2020-04-17 10:10:07','{4F3418ED-35CB-4362-A3E3-F28E7929C5AF}',6.96146,43.567,7,4,NULL),(761,NULL,3000,1,NULL,'Avenue gaston de fontmichel',NULL,'06029',NULL,'chpayet','2020-05-05 07:48:54','chpayet','2020-05-05 07:48:54','{611C4F93-63E4-400B-AC94-5E18D5BFC215}',6.94718,43.5406,7,4,1),(762,NULL,2000,1,NULL,'56 avenue Maurice chevalier',NULL,'06029',NULL,'chpayet','2020-04-17 10:19:56','chpayet','2020-04-17 10:19:56','{29D1D166-9DA8-4F3A-8EEF-AB07DBC90E10}',6.96083,43.5561,7,4,NULL),(763,NULL,2000,1,NULL,'Avenue du nord',NULL,'06029','Cliiink ','chpayet','2020-04-17 10:26:31','chpayet','2020-04-17 10:26:31','{7CA99EF2-50C9-4F68-92F6-C625B21EFE9D}',6.96335,43.5467,7,4,NULL),(764,NULL,2000,1,NULL,'Avenue pierre de Coubertin ','Caserne Pompier','06029',NULL,'chpayet','2020-04-17 10:38:33','chpayet','2020-04-17 10:38:33','{8BCEA9BC-563B-475F-8725-2BA728AF55AA}',6.96685,43.555,7,4,NULL),(765,NULL,2000,1,NULL,'Route du golf','Parking port','06079','Cliiink ','chpayet','2020-05-05 08:09:03','chpayet','2020-05-05 08:09:03','{26D8EE05-7FF3-4554-9371-C4F959ACE4C1}',6.94512,43.5272,7,4,1),(766,NULL,2000,1,NULL,'21 avenue de vallauris ',NULL,'06029',NULL,'chpayet','2020-04-17 11:43:27','chpayet','2020-04-17 11:43:27','{F2FE87E3-56EF-4F7D-B598-F7A8A463D2A0}',7.02529,43.5576,7,4,NULL),(767,NULL,2000,1,NULL,'63 avenue de vallauris ',NULL,'06029',NULL,'chpayet','2020-04-17 11:47:25','chpayet','2020-04-17 11:47:25','{54C506AE-FA1B-4927-84E9-6F41B30E7FEF}',7.03219,43.5593,7,4,NULL),(768,NULL,2000,1,NULL,'Allée Jacques cartier',NULL,'06079','Cliiink ','chpayet','2020-05-05 08:59:02','chpayet','2020-05-05 08:59:02','{434B6E07-4342-4BD2-ADBD-9C414F433362}',6.9351,43.5318,3,4,NULL),(769,NULL,2000,1,NULL,'55 avenue du roi Albert 1er',NULL,'06029',NULL,'chpayet','2020-05-14 09:56:11','chpayet','2020-05-14 09:56:11','{2B888EBC-34ED-4332-B555-94F26762975E}',7.04598,43.5513,7,4,NULL),(770,NULL,2000,1,NULL,'Boulevard du soleil ',NULL,'06029',NULL,'chpayet','2020-04-29 07:03:39','chpayet','2020-04-29 07:03:39','{78E8BDA1-A912-411C-9B2C-84568C3D886B}',6.97663,43.5563,7,4,NULL),(771,NULL,4000,1,NULL,'Avenue du général garbay',NULL,'06079','Cliiink ','chpayet','2020-06-18 13:41:43','chpayet','2020-08-17 07:30:01','{957A8C1B-044D-4302-AA77-3B29B40B983F}',6.9411,43.5586,7,4,1),(772,NULL,2000,1,NULL,'80 boulevard leader',NULL,'06029',NULL,'chpayet','2020-04-29 07:12:38','chpayet','2020-04-29 07:12:38','{2B3BD833-ED98-4741-A241-13C6A2E11635}',6.99005,43.5551,7,4,NULL),(773,NULL,2000,1,NULL,'Boulevard du perrier',NULL,'06029',NULL,'chpayet','2020-05-07 06:56:14','chpayet','2020-05-07 06:56:14','{81FC8888-204F-4F5D-92F9-4AD08269A3AB}',6.99636,43.5657,7,4,NULL),(774,NULL,2000,1,NULL,'35 avenue wester wemyss',NULL,'06029',NULL,'chpayet','2020-04-29 07:16:54','chpayet','2020-04-29 07:16:54','{EBB4D959-0680-4F19-9191-49B86598BB14}',6.99038,43.5532,7,4,NULL),(775,NULL,2000,1,NULL,'Boulevard du riou parking bergia',NULL,'06029',NULL,'chpayet','2020-04-29 07:26:07','chpayet','2020-04-29 07:26:07','{6AB007CF-5B5F-4D4B-AB83-09E4DB36AB65}',7.00574,43.5527,7,4,NULL),(776,NULL,2000,1,NULL,'Route du village',NULL,'06029',NULL,'chpayet','2020-05-07 07:04:42','chpayet','2020-05-07 07:04:42','{A32F116F-542D-4709-B4B0-07E2E3394DF8}',6.99684,43.5641,7,4,NULL),(777,NULL,2000,1,NULL,'Chemin des collines ',NULL,'06029',NULL,'chpayet','2020-05-07 09:47:08','chpayet','2020-05-07 09:47:08','{1E21AA51-085C-469B-9469-6D27AF5A917F}',7.03605,43.5671,7,4,NULL),(778,NULL,2000,1,NULL,'Boulevard des pins',NULL,'06029','Cliiink ','chpayet','2020-05-07 10:18:48','chpayet','2020-05-07 10:18:48','{34FD9A1B-D90D-42D9-9A0F-55262C1EF7FC}',7.03986,43.5559,7,4,NULL),(779,NULL,2000,1,NULL,'24 avenue roi Albert 1 er',NULL,'06029',NULL,'chpayet','2020-05-07 10:27:58','chpayet','2020-05-07 10:29:07','{5960D78D-A1CC-4D52-B8F9-60FBDE4D4316}',7.03944,43.5515,7,4,NULL),(780,NULL,2000,1,NULL,'43 boulevard Alexandre 3',NULL,'06029',NULL,'chpayet','2020-05-07 10:46:20','chpayet','2020-05-07 10:46:20','{7F60A630-74F1-420E-8ED4-2A1D261B760A}',7.04014,43.5463,7,4,NULL),(781,NULL,2000,1,NULL,'Avenue saint exupery',NULL,'06029',NULL,'chpayet','2020-05-12 08:41:30','chpayet','2020-05-12 08:41:30','{2A8FE16A-89AA-4035-860E-CC94AD8239A4}',6.95453,43.5549,7,4,NULL),(782,NULL,2000,1,NULL,'Boulevard général vautrin',NULL,'06029','Cliiink ','chpayet','2020-05-12 12:20:36','chpayet','2020-05-12 12:20:36','{54BFFA7E-0D2A-42E3-A848-953FC15166CB}',7.03293,43.5476,7,4,NULL),(783,NULL,2000,1,NULL,'Boulevard d alsace',NULL,'06029',NULL,'chpayet','2020-05-12 12:24:32','chpayet','2020-05-12 12:26:26','{0E752C32-2D89-497E-A5C4-EAE9C08B0D29}',7.03459,43.5461,3,4,2),(784,NULL,2000,1,NULL,'139 avenue du maréchal juin',NULL,'06029',NULL,'chpayet','2020-05-12 12:31:52','chpayet','2020-05-12 12:31:52','{DA3A7791-A2A9-4D12-B4EC-F17CDAE80D02}',7.05352,43.548,7,4,NULL),(785,NULL,4000,1,NULL,'75 avenue maréchal juin',NULL,'06029',NULL,'chpayet','2020-05-12 12:36:17','chpayet','2020-05-12 12:36:17','{40B57703-D304-4CBE-B854-4D4DF201F5A9}',7.03949,43.5484,3,4,4),(786,NULL,2000,1,NULL,'Avenue André capron',NULL,'06029',NULL,'chpayet','2020-05-12 12:45:54','chpayet','2020-05-12 12:45:54','{67C17E81-EE01-45E7-8A2A-781C462BFFEF}',7.03554,43.5483,7,4,NULL),(787,NULL,2000,1,NULL,'26 avenue maréchal juin ',NULL,'06029',NULL,'chpayet','2020-05-12 12:57:01','chpayet','2020-05-12 12:57:01','{4BB3C03B-B32C-4144-AD2B-C5F4FF21058C}',7.03338,43.5505,3,4,NULL),(788,NULL,2000,1,NULL,'327 avenue de grasse',NULL,'06029',NULL,'chpayet','2020-04-29 12:00:11','chpayet','2020-04-29 12:00:11','{72A3BC12-F668-4C48-BE78-B3494BACC447}',7.00472,43.5677,7,4,NULL),(789,NULL,2000,1,NULL,'250 avenue de grasse',NULL,'06029',NULL,'chpayet','2020-04-29 12:04:10','chpayet','2020-04-29 12:04:10','{0C51EAC4-496E-45C5-A571-0F6437A91015}',7.00472,43.5668,7,4,NULL),(790,NULL,2000,1,NULL,'Avenue des hesperides','Angle avenue louis grosso','06029','Cliiink ','chpayet','2020-06-11 12:14:28','chpayet','2020-06-11 12:14:28','{A46C8E6B-65A8-47B2-86DB-D4C18A232D1B}',7.0368,43.5426,7,4,NULL),(791,NULL,2000,1,NULL,'12 boulevard cointet',NULL,'06029',NULL,'chpayet','2020-04-29 12:49:26','chpayet','2020-04-29 12:49:26','{5BBDE398-325F-4EC2-82E8-7FF2B27C6FD0}',6.99305,43.5553,7,4,NULL),(792,NULL,3000,1,NULL,'Boulevard chanoine Francis coeuret',NULL,'06029',NULL,'chpayet','2020-06-30 11:57:53','chpayet','2020-06-30 11:57:53','{A98190F9-5895-4C77-BF53-8EDB3EAF9AE4}',7.03754,43.5451,3,4,NULL),(793,NULL,3000,1,NULL,'Place saint jin jin',NULL,'06029',NULL,'chpayet','2020-06-11 12:22:03','chpayet','2020-06-11 12:22:03','{10C198E2-0868-40D5-ADF9-577D1E768520}',7.03856,43.5426,3,4,2),(794,NULL,2000,1,NULL,'Avenue beau séjour parc monfleury ',NULL,'06029',NULL,'chpayet','2020-06-11 12:50:06','chpayet','2020-06-11 12:50:06','{777561A0-A251-4DF9-A5C3-19B023832CCF}',7.03292,43.5534,7,4,NULL),(795,NULL,2000,1,NULL,'Boulevard de la source',NULL,'06029',NULL,'chpayet','2020-06-30 12:05:15','chpayet','2020-06-30 12:05:15','{52F421C7-2F8D-49FA-A2E1-5BD27C2481C3}',7.0452,43.5458,7,4,NULL),(796,NULL,3000,1,NULL,'33 boulevard de la source',NULL,'06029',NULL,'chpayet','2020-06-30 12:07:02','chpayet','2020-06-30 12:07:02','{292F42E0-50A3-410D-A42F-32219F3ED246}',7.04369,43.5453,3,4,2),(797,NULL,2000,1,NULL,'Avenue Lily pons',NULL,'06029','Cliiink ','chpayet','2020-06-11 12:56:21','chpayet','2020-06-11 12:56:44','{4655CA3B-1812-4F2D-8421-13C6DA8D948D}',7.03578,43.5514,7,4,NULL),(798,NULL,2000,1,NULL,'58 avenue de la roubine',NULL,'06029','Cliiink ','chpayet','2020-06-11 13:38:10','chpayet','2020-06-11 13:38:10','{ECD52819-9F36-4B7B-9E02-12E39640E03F}',6.97189,43.5478,7,4,NULL),(799,NULL,2000,1,NULL,'Rue Anthony dozol',NULL,'06029','Cliiink ','chpayet','2020-06-11 13:47:26','chpayet','2020-06-11 13:47:26','{EA197FEA-05AC-4DE1-8955-D5DB8D70E515}',6.97108,43.5523,7,4,NULL),(800,NULL,2000,1,NULL,'Avenue troubadour',NULL,'06029',NULL,'chpayet','2020-06-11 13:59:22','chpayet','2020-06-11 13:59:22','{92B2DC64-0B2D-4345-9975-8AE0223E9507}',6.96867,43.554,7,4,NULL),(801,NULL,2000,1,NULL,'Impasse des lavandes',NULL,'06029',NULL,'chpayet','2020-06-11 14:03:04','chpayet','2020-06-11 14:03:04','{B2CF3041-DBE7-495C-9BEC-AAF84243F201}',6.97009,43.5566,7,4,NULL),(802,NULL,4000,1,NULL,'Rue du docteur escarras',NULL,'06079','Cliiink ','chpayet','2020-06-18 13:32:08','chpayet','2020-08-17 07:30:46','{2D72AA4D-B7EB-4E15-ADBB-DE4FCE18B05A}',6.93855,43.5563,3,4,NULL),(803,NULL,3000,1,NULL,'Boulevard pierre de coubertin',NULL,'06029',NULL,'chpayet','2020-06-11 14:08:27','chpayet','2020-06-11 14:08:27','{21A06119-92FC-4171-AAC6-0D8DCC9CFD85}',6.96612,43.5508,3,4,2),(804,NULL,2000,1,NULL,'Avenue selvosa',NULL,'06029',NULL,'chpayet','2020-06-30 12:35:44','chpayet','2020-06-30 12:35:44','{20AFD7BF-26B1-4C20-B219-FE5A40D6E99E}',7.0296,43.5563,7,4,NULL),(805,NULL,3000,1,NULL,'Allée de la marine',NULL,'06079',NULL,'chpayet','2020-02-17 14:22:40','chpayet','2020-08-17 07:42:34','{56261DA8-E5F0-4D6F-A909-FBBBE42CBE1F}',6.93996,43.5376,7,4,1),(806,NULL,2000,1,NULL,'Boulevard du midi',NULL,'06029',NULL,'chpayet','2020-06-30 13:25:15','chpayet','2020-06-30 13:25:15','{833672D2-ECBC-44D2-8CE7-F0A677FBA5D0}',6.96246,43.5423,7,4,NULL),(807,NULL,4000,1,NULL,'Place du souvenir français ',NULL,'06079',NULL,'chpayet','2020-06-18 13:25:57','chpayet','2020-08-17 07:31:25','{D922EF1C-E9BF-4B5E-9E61-A12DB91E60F4}',6.93737,43.5552,3,4,NULL),(808,NULL,4000,1,NULL,'Avenue janvier passero',NULL,'06079',NULL,'chpayet','2020-05-12 09:19:42','chpayet','2020-08-17 07:31:42','{2893EAC1-3E91-4991-8D79-9721E04E29F6}',6.93831,43.554,3,4,NULL),(809,NULL,4000,1,NULL,'Avenue des anciens combattants ','Gymnase costerousse','06079',NULL,'chpayet','2020-05-05 10:05:34','chpayet','2020-08-17 07:34:36','{471CA15A-B82C-4344-84DD-32A4562F6DDA}',6.9414,43.5547,3,4,NULL),(810,NULL,3000,1,NULL,'Allée calypso ',NULL,'06079',NULL,'chpayet','2020-05-05 08:21:13','chpayet','2020-08-17 07:44:52','{C2422FBF-BE9E-4ABF-8C80-E3A37D4BFC01}',6.93666,43.5346,7,4,1),(811,NULL,4000,1,NULL,'295 avenue janvier passero ',NULL,'06079','Cliiink ','chpayet','2020-05-12 09:30:31','chpayet','2020-08-17 07:35:15','{0FCAF4CC-0CA8-4E08-B7B2-148E281D8722}',6.93815,43.5507,3,4,NULL),(812,NULL,4000,1,NULL,'166 avenue janvier passero',NULL,'06079',NULL,'chpayet','2020-05-05 10:39:14','chpayet','2020-08-17 07:36:02','{D7208EAA-B31F-4624-B4FA-9105BE795439}',6.93867,43.5478,7,4,1),(813,NULL,3000,1,NULL,'Allée calypso ',NULL,'06079',NULL,'chpayet','2020-05-05 08:26:43','chpayet','2020-08-17 07:45:09','{DFD763BB-1421-4C07-922F-6163585D9BB5}',6.93537,43.5344,7,4,1),(814,NULL,4000,1,NULL,'Place des mimosas',NULL,'06079','Cliiink ','chpayet','2020-05-05 10:33:08','chpayet','2020-08-17 07:36:50','{C471B527-F119-412D-86C9-DD2FE4E7CB3C}',6.93778,43.5443,3,4,NULL),(815,NULL,4000,1,NULL,'Boulevard des écureuils ',NULL,'06079',NULL,'chpayet','2020-05-05 09:50:11','chpayet','2020-08-17 07:37:22','{2553CF7D-A8F6-43A1-9716-46150904739A}',6.94253,43.5416,7,4,1),(816,NULL,4000,1,NULL,'Avenue de la pinea',NULL,'06079',NULL,'chpayet','2020-05-05 07:53:05','chpayet','2020-08-17 07:46:11','{C5B12D3D-F783-4BB4-A1F2-3D798762290F}',6.94557,43.5355,3,4,NULL),(817,NULL,4000,1,NULL,'Rue saint Vincent de paul',NULL,'06079',NULL,'chpayet','2020-05-05 09:42:13','chpayet','2020-08-17 07:37:59','{90479CA8-DB57-4D29-9A09-BB91D50C66DF}',6.9385,43.5412,3,4,NULL),(818,NULL,3000,1,NULL,'Parking géant casino','791 avenue de frejus','06079','Cliiink ','chpayet','2020-02-20 12:37:21','chpayet','2020-08-17 07:47:23','{D0324CBF-0510-49BA-9630-611A63EB24A6}',6.93385,43.533,7,4,1),(819,NULL,4000,1,NULL,'Route du golf',NULL,'06079',NULL,'chpayet','2020-05-05 08:15:27','chpayet','2020-08-17 07:47:59','{0D4E6F73-EFD0-41D9-9722-D0DF408E432B}',6.93786,43.5322,3,4,NULL),(820,NULL,4000,1,NULL,'Rue Jean monnet',NULL,'06079',NULL,'chpayet','2020-08-17 08:54:05','chpayet','2020-08-17 08:54:05','{B928D088-D851-4AE1-8288-D98FD3527396}',6.91679,43.5412,7,4,NULL),(821,NULL,3000,3,NULL,'Domaine du grand duc',NULL,'06079',NULL,'chpayet','2020-08-17 09:06:16','chpayet','2020-08-17 09:06:16','{447BB0AB-9A59-4F46-8660-5066B9D32B47}',6.9138,43.5453,7,4,1),(822,NULL,2000,1,NULL,'36 rue Jean jaures',NULL,'06029',NULL,'chpayet','2020-06-18 12:24:53','chpayet','2020-06-18 12:24:53','{E70AE9AC-95EB-4E1D-8926-599F3ED080C0}',7.02208,43.5536,3,4,NULL),(823,NULL,2000,1,NULL,'274 boulevard des termes',NULL,'06079','Cliiink ','chpayet','2020-06-18 12:50:44','chpayet','2020-06-18 12:50:44','{641E59B8-35B8-4652-A299-1A24C896D86E}',6.93135,43.5446,7,4,NULL),(824,NULL,2000,1,NULL,'Boulevard bellevue',NULL,'06079',NULL,'chpayet','2020-06-18 13:00:37','chpayet','2020-06-18 13:00:37','{0C1B3573-01A8-4950-BE37-7ED534156BCB}',6.92829,43.5492,7,4,NULL),(825,NULL,2000,1,NULL,'Avenue des mussugues',NULL,'06079',NULL,'chpayet','2020-06-18 13:10:13','chpayet','2020-06-18 13:10:13','{9D82BD2E-F206-4AAF-B0DF-4ADB00E69138}',6.92784,43.5488,7,4,3),(826,NULL,4000,1,NULL,'Avenue du riou',NULL,'06079','Cliiink ','chpayet','2020-08-17 09:29:53','chpayet','2020-08-17 09:29:53','{245AD3FA-BFE4-4520-B164-84F0D080A231}',6.93802,43.5273,3,4,NULL),(827,NULL,3000,1,NULL,'Rue madame de sevigne ',NULL,'06079',NULL,'chpayet','2020-07-21 13:14:04','chpayet','2020-07-21 13:14:04','{4994F5D7-DDDE-4982-AB34-2651F1B39A8D}',6.93311,43.5403,7,4,1),(828,NULL,2000,1,NULL,'Avenue bon pin',NULL,'06079',NULL,'chpayet','2020-06-18 13:47:41','chpayet','2020-06-18 13:47:41','{9331A261-D29C-429F-8739-831638C7602A}',6.93924,43.5628,3,4,NULL),(829,NULL,3000,1,NULL,'89 chemin de l olivet ',NULL,'06030',NULL,'chpayet','2020-04-17 10:57:35','chpayet','2020-07-22 11:36:21','{5C66FE98-F8BD-4376-B763-0265DFD689AF}',6.99127,43.5689,7,4,NULL),(830,NULL,3000,1,NULL,'Chemin de garibondy',NULL,'06030',NULL,'chpayet','2020-07-15 12:48:21','chpayet','2020-07-22 11:38:23','{9F4CEFDA-4F35-4CD7-B64F-C87EBA75F4D3}',6.96757,43.5616,7,4,1),(831,NULL,3000,1,NULL,'171 avenue Michel Jourdan ',NULL,'06030','Cliiink ','chpayet','2020-04-17 08:29:50','chpayet','2020-07-22 11:41:39','{A9B94D9F-7008-47D0-BF75-C630BE399516}',6.96492,43.5653,7,4,NULL),(832,NULL,4000,1,NULL,'2 chemin des vallons',NULL,'06030',NULL,'chpayet','2020-04-17 08:51:08','chpayet','2020-07-22 11:44:04','{3949817F-9039-4A1C-81B0-CB5610B6B0CD}',6.97261,43.5688,3,4,NULL),(833,NULL,4000,1,NULL,'Boulevard de l esterel',NULL,'06030',NULL,'chpayet','2020-02-13 10:44:51','chpayet','2020-07-22 11:45:50','{A7E6C63F-5FC9-422C-9753-8FCA77DBA027}',6.97715,43.563,3,4,NULL),(834,NULL,4000,1,NULL,'Avenue Georges Pompidou ',NULL,'06030',NULL,'chpayet','2020-04-17 10:48:06','chpayet','2020-07-22 11:47:43','{89C0C747-4DAF-4087-9EA3-B0781247F995}',6.98176,43.5688,3,4,NULL),(835,NULL,4000,1,NULL,'Avenue Georges Pompidou ',NULL,'06030','Cliiink ','chpayet','2020-04-17 10:54:13','chpayet','2020-07-22 11:50:37','{D54617C8-638F-4D12-A15C-9A733959CA6F}',6.987,43.5699,7,4,NULL),(836,NULL,4000,1,NULL,'Avenue du général de gaulle','Parking casino','06030','Cliiink ','chpayet','2020-02-13 10:20:16','chpayet','2020-07-22 11:51:50','{8E227332-164B-49D3-85D0-B2F6B5AADEF5}',6.9958,43.5692,7,4,1),(837,NULL,4000,1,NULL,'Avenue du riou',NULL,'06079','Cliiink ','chpayet','2020-08-17 09:32:11','chpayet','2020-08-17 09:32:11','{BE3137B8-0BD0-4AF1-B537-75CE1CDA5CC5}',6.94201,43.5282,7,4,1),(838,NULL,4000,1,NULL,'Chemin de l aubarede ',NULL,'06030',NULL,'chpayet','2020-03-10 10:03:26','chpayet','2020-07-22 11:58:36','{3BAB03EC-9B22-484A-B476-7C1A1CFE1174}',6.98415,43.5731,3,4,2),(839,NULL,3000,1,NULL,'12 Avenue de benefiat',NULL,'06029',NULL,'chpayet','2020-08-17 12:09:06','chpayet','2020-08-17 12:09:21','{593D59A1-511D-4A36-8FFB-D94597FC1296}',7.02926,43.5598,7,4,NULL),(840,NULL,3000,1,NULL,'Parking port moure rouge',NULL,'06029',NULL,'chpayet','2020-08-25 07:48:26','chpayet','2020-08-25 07:48:26','{21B94E6A-D71C-434C-9D7B-18A4E2DC4B9F}',7.04263,43.5435,7,4,NULL),(841,NULL,3000,1,NULL,'54 avenue de grasse',NULL,'06029',NULL,'chpayet','2020-08-25 08:28:38','chpayet','2020-08-25 08:28:38','{96689050-7545-4587-9F3D-CCB77FE8B1FD}',7.00636,43.5649,7,4,NULL),(842,NULL,4000,1,NULL,'Boulevard Jacques monod','Parking des fades','06030','Cliiink ','chpayet','2020-02-13 10:12:15','chpayet','2020-07-22 12:03:06','{95531C1F-3C2D-49EB-83A7-C13C33DDD18C}',6.99703,43.5749,3,4,NULL),(843,NULL,3000,1,NULL,'Rue auguste taba',NULL,'06030','Cliiink ','chpayet','2020-04-29 11:20:23','chpayet','2020-07-22 12:04:35','{18FBB315-C898-4566-BED4-C3AE1132747E}',7.00241,43.5762,7,4,1),(844,NULL,4000,1,NULL,'Avenue saint louis',NULL,'06029',NULL,'chpayet','2020-08-25 08:52:52','chpayet','2020-08-25 08:52:52','{23FDB93F-DAF3-4D80-8AF1-6BA0A1048E0C}',7.0149,43.5565,7,4,1),(845,NULL,4000,1,NULL,'7 rue Jules ferry',NULL,'06030',NULL,'chpayet','2020-02-13 10:04:26','chpayet','2020-07-22 12:05:10','{AC290C63-7627-46E8-8D9F-C2D699565324}',7.00085,43.573,7,4,1),(846,NULL,4000,1,NULL,'24 avenue de la pinede',NULL,'06030','Cliiink ','chpayet','2020-02-13 10:02:00','chpayet','2020-07-22 12:06:35','{683FF53A-69E8-4903-82EA-3D42C03548BD}',7.00345,43.5731,3,4,NULL),(847,NULL,3000,1,NULL,'Chemin des lauriers',NULL,'06030','Cliiink ','chpayet','2020-04-29 11:46:24','chpayet','2020-07-22 12:07:20','{35C38FE5-53D7-4C67-84FE-093278149E73}',7.0017,43.5702,7,4,1),(848,NULL,3000,1,NULL,'8 avenue des écoles',NULL,'06030',NULL,'chpayet','2020-02-13 09:52:29','chpayet','2020-07-22 12:09:47','{53A950D2-7678-4A82-8286-B8EBCFF7C5B8}',7.00622,43.5705,7,4,1),(849,NULL,3000,1,NULL,'175 avenue Michel jourdan',NULL,'06030',NULL,'chpayet','2020-08-18 09:42:54','chpayet','2020-08-18 09:42:54','{12E5A5CB-33F0-4ABF-870F-F2AA4D1B22A4}',6.96452,43.566,7,4,NULL),(850,NULL,3000,1,NULL,'Rue Victor cousin',NULL,'06029',NULL,'chpayet','2020-06-23 09:37:43','chpayet','2020-06-23 09:37:43','{4EEF9396-6E30-458F-9720-7F96E07A5495}',7.02415,43.5514,3,4,NULL),(851,NULL,3000,1,NULL,'40 Chemin du perrier',NULL,'06030',NULL,'chpayet','2020-06-30 09:10:30','chpayet','2020-07-22 12:16:05','{1FE230DC-8DFB-4967-9C86-583510350B76}',7.00043,43.5664,7,4,2),(852,NULL,4000,1,NULL,'Place benidorm',NULL,'06030',NULL,'chpayet','2020-01-30 14:08:54','chpayet','2020-07-22 12:18:47','{AF180A6D-556E-4361-8F67-F075A5A99461}',7.01503,43.5706,3,4,NULL),(853,NULL,3000,1,NULL,'Avenue lacour','Face police municipale ','06030',NULL,'chpayet','2020-01-30 14:17:48','chpayet','2020-07-22 12:19:32','{1ECBE717-5B9D-45B2-8FF0-FA34AAC74E84}',7.01889,43.5689,7,4,1),(854,NULL,4000,1,NULL,'Rue des orangers a l angle',NULL,'06030',NULL,'chpayet','2020-06-22 12:38:59','chpayet','2020-07-22 12:22:25','{5F7D0829-9D85-4974-A808-EA2FC10898A0}',7.01791,43.575,3,4,NULL),(855,NULL,3000,1,NULL,'8 avenue Albert 1 er','angle rue des pins','06030',NULL,'chpayet','2020-02-13 08:57:36','chpayet','2020-07-22 12:23:50','{51E9CE34-8592-42C6-BDCF-5CD2A964A1EE}',7.02726,43.5731,7,4,1),(856,NULL,4000,1,NULL,'10 boulevard d olivetum',NULL,'06030',NULL,'chpayet','2020-03-10 08:47:02','chpayet','2020-07-22 12:24:15','{DF9FB992-80F3-4231-B49C-420DD03A7B32}',7.02526,43.5706,3,4,NULL),(857,NULL,4000,1,NULL,'21 avenue thiers','face jardin d\'enfant','06030','Cliiink ','chpayet','2020-03-10 08:40:09','chpayet','2020-07-22 12:24:56','{C684BEBE-6E02-4711-BD83-97CA18921587}',7.02415,43.5699,3,4,NULL),(858,NULL,4000,1,NULL,'Avenue du repos',NULL,'06030',NULL,'chpayet','2020-06-30 09:35:27','chpayet','2020-07-22 12:26:53','{1B522953-3C4B-4576-AA43-8F55B7D244FF}',7.01432,43.5751,3,4,NULL),(859,NULL,3000,1,NULL,'27 rue des moulières ',NULL,'06030',NULL,'chpayet','2020-03-10 09:21:52','chpayet','2020-07-22 12:29:25','{98E96757-9AFC-478F-A11A-39CC56433E56}',7.01639,43.5776,7,4,NULL),(860,NULL,3000,1,NULL,'Chemin font de gallou','angle route des breguieres','06030',NULL,'chpayet','2020-03-10 09:18:30','chpayet','2020-07-22 12:31:13','{96405317-A1A8-4339-BBAF-94650179420F}',7.01871,43.5785,7,4,1),(861,NULL,3000,1,NULL,'58 route des breguieres',NULL,'06030',NULL,'chpayet','2020-05-07 08:01:03','chpayet','2020-07-22 12:32:56','{4165D80B-CD0E-4B31-94B8-C69E54C0C59E}',7.02414,43.5833,7,4,1),(862,NULL,4000,1,NULL,'Avenue mont joli',NULL,'06030',NULL,'chpayet','2020-01-30 14:59:16','chpayet','2020-07-22 12:35:01','{623C649B-5178-4C7A-9FF0-0C7F6350E697}',7.00954,43.5808,7,4,1),(863,NULL,2000,1,NULL,'28 boulevard commandant bret',NULL,'06029','Cliiink ','chpayet','2020-06-24 09:09:38','chpayet','2020-06-24 09:09:38','{99F65957-572F-4845-A469-F5081A67CBB5}',7.02238,43.5603,7,4,NULL),(864,NULL,4000,1,NULL,'Avenue pierre semard',NULL,'06029',NULL,'chpayet','2020-08-19 08:54:00','chpayet','2020-08-19 08:54:00','{91114210-92D6-4B48-81FF-2576EB07F36A}',6.9774,43.5483,3,4,2),(865,NULL,2000,1,NULL,'12 boulevard d oxford',NULL,'06029',NULL,'chpayet','2020-06-24 09:14:15','chpayet','2020-06-24 09:14:15','{1CD8ADFB-11C9-471E-BA45-AC5B8EDFBCCE}',7.02371,43.5644,7,4,NULL),(866,NULL,4000,2,NULL,'avenue mont joli','parking stade maurice jean pierre','06030','Cliiink ','chpayet','2020-02-13 09:58:17','chpayet','2020-07-22 12:36:34','{755D6B3A-8149-4CD8-98CB-E54809864559}',7.0069,43.5768,3,4,NULL),(867,NULL,2000,1,NULL,'Avenue commandant bret',NULL,'06029',NULL,'chpayet','2020-06-24 09:18:38','chpayet','2020-06-24 09:18:38','{1299EC66-09F9-4A34-80C4-A21AE7EBD5DE}',7.02492,43.5628,7,4,NULL),(868,NULL,2000,1,NULL,'38 boulevard d Oxford ',NULL,'06029',NULL,'chpayet','2020-06-24 09:28:35','chpayet','2020-06-24 09:28:35','{1FF671BB-AD65-456D-B2B5-6B335787F956}',7.02848,43.5641,7,4,NULL),(869,NULL,4000,1,NULL,'19 avenue docteur Raymond picaud',NULL,'06029',NULL,'chpayet','2020-02-18 13:08:05','chpayet','2020-08-26 07:41:56','{4945379B-BCAC-4C43-AE7E-5288176F67AB}',7.00258,43.5507,3,4,NULL),(870,NULL,2000,1,NULL,'Avenue des araucarias',NULL,'06029',NULL,'chpayet','2020-06-26 12:32:56','chpayet','2020-06-26 12:32:56','{3881AD8F-FC46-4B62-8E69-15BF9D2BBBFE}',7.03012,43.5618,7,4,NULL),(871,NULL,2000,1,NULL,'56 avenue prince de galles',NULL,'06029',NULL,'chpayet','2020-06-26 13:03:51','chpayet','2020-06-26 13:03:51','{94AB067C-9BC3-4A6F-BFF6-61B20F8DE0B8}',7.02757,43.5611,7,4,NULL),(872,NULL,3000,1,NULL,'Rue Marcel pagnol',NULL,'06030',NULL,'chpayet','2020-07-23 08:32:47','chpayet','2020-07-23 08:32:47','{5B8C4DB7-7A05-4023-925B-BDC21717CF5F}',6.98854,43.5738,3,4,2),(873,NULL,3000,1,NULL,'Avenue Jean de noailles',NULL,'06029',NULL,'chpayet','2020-08-24 08:27:38','chpayet','2020-08-24 08:27:38','{7A7CD4B7-2242-40A0-B3EB-BFD5F9606E20}',6.99213,43.5583,7,4,NULL),(874,NULL,3000,1,NULL,'Impasse François tuby',NULL,'06030',NULL,'chpayet','2020-07-23 09:12:12','chpayet','2020-07-23 09:12:12','{9F8A0E44-D071-467E-8589-54C0B4A339AC}',6.97539,43.5603,7,4,NULL),(875,NULL,3000,1,NULL,'Chemin de saint joseph','Edf','06030',NULL,'chpayet','2020-07-23 09:16:28','chpayet','2020-07-23 09:16:28','{6DFBC25B-2B5A-43BC-B335-FD82F5A7367C}',6.98057,43.5663,7,4,1),(876,NULL,4000,1,NULL,'Déchèterie du cannet','Traverse de l aubarede','06030',NULL,'chpayet','2020-07-23 09:23:52','chpayet','2020-07-23 09:23:52','{0A29DE42-2D62-4903-8A4B-0223B3748DB9}',6.98417,43.567,7,4,1),(877,NULL,3000,1,NULL,'Avenue bir hakeim','Angle maréchal juin','06030',NULL,'chpayet','2020-07-23 09:33:41','chpayet','2020-07-23 09:33:41','{D38A9E22-746B-4E54-A938-8B1D86B0C63E}',6.97742,43.5697,7,4,1),(878,NULL,4000,1,NULL,'Chemin de gavary',NULL,'06029',NULL,'chpayet','2020-05-07 09:06:08','chpayet','2020-07-23 13:23:31','{0528846E-354E-46A0-A941-89E23E812E38}',7.03166,43.5702,7,4,1),(879,NULL,3000,1,NULL,'Allée des cougoussolles',NULL,'06030','Cliiink ','chpayet','2020-07-23 13:44:21','chpayet','2020-07-23 13:44:21','{17F63825-A388-47DD-B917-6FB09FF0D93F}',7.00868,43.5732,7,4,NULL),(880,NULL,4000,1,NULL,'763 chemin des cabrieres',NULL,'06085',NULL,'chpayet','2020-02-20 08:29:18','chpayet','2020-07-27 10:25:54','{40E66CBA-23DE-42F8-97FA-2BB62FC69AAF}',6.98824,43.5834,7,4,1),(881,NULL,4000,1,NULL,'Chemin de faissole',NULL,'06085','Cliiink ','chpayet','2020-04-17 09:05:00','chpayet','2020-07-27 10:26:14','{2D66EECA-B0D2-4433-9DF1-3848F6E4C0B8}',6.99794,43.5836,3,4,NULL),(882,NULL,4000,1,NULL,'Chemin de campane',NULL,'06085','Cliiink ','chpayet','2020-02-20 08:15:57','chpayet','2020-07-27 10:26:39','{E198FC0D-D178-47A1-8220-4BA0FBE5DC98}',6.99852,43.5878,7,4,1),(883,NULL,4000,1,NULL,'Chemin de la grande bastide',NULL,'06085','Cliiink ','chpayet','2020-04-29 10:36:38','chpayet','2020-07-27 10:27:07','{E82AD6BA-DEF2-4E60-97B7-339EC843B02F}',6.99038,43.5903,7,4,NULL),(884,NULL,4000,2,NULL,'1332 avenue notre dame de vie',NULL,'06085',NULL,'chpayet','2020-04-29 11:02:41','chpayet','2020-07-27 10:27:40','{C069C4A9-C037-4675-A39F-EF0A5730AA49}',7.00154,43.5933,3,4,NULL),(885,NULL,4000,1,NULL,'Avenue maréchal juin',NULL,'06085','Cliiink ','chpayet','2020-04-17 09:16:29','chpayet','2020-07-27 10:28:25','{68B52455-1001-4ECA-8864-AB3691C59C5D}',6.98811,43.5963,3,4,NULL),(886,NULL,3000,1,NULL,'Chemin de font de currault ',NULL,'06085',NULL,'chpayet','2020-06-22 13:55:21','chpayet','2020-07-27 10:28:56','{1374E7BC-43EE-4D07-980B-79B9A770F9E0}',7.03245,43.5914,7,4,1),(887,NULL,4000,1,NULL,'Rue du grand mur','place des arcades','06085',NULL,'chpayet','2020-06-02 12:35:17','chpayet','2020-07-27 10:32:53','{755340B4-9DFC-42D0-A4D7-99D556DBC52B}',7.03988,43.5871,3,4,2),(888,NULL,4000,1,NULL,'rue saint jacques',NULL,'06085',NULL,'chpayet','2020-06-02 13:19:23','chpayet','2020-07-27 10:34:42','{A302A278-EF4C-43C3-937C-AA30CB825707}',7.04142,43.589,3,4,1),(889,NULL,2000,1,NULL,'Boulevard pierre poesi',NULL,'06029',NULL,'chpayet','2020-06-29 13:30:10','chpayet','2020-06-29 13:30:10','{4A0E5198-94BF-4357-8DDB-A23293A5490D}',6.96289,43.5525,7,4,NULL),(890,NULL,2000,1,NULL,'Aérodrome cannes Mandelieu-la-Napoule ',NULL,'06029',NULL,'chpayet','2020-08-24 09:04:08','chpayet','2020-08-24 09:04:08','{1D36914C-FE27-4145-84C8-33AE8205770F}',6.95405,43.5482,7,4,NULL),(891,NULL,2000,1,NULL,'Chemin bastide rouge','Derrière kiabi','06029',NULL,'chpayet','2020-06-29 13:35:34','chpayet','2020-06-29 13:35:34','{E28D4031-B2AC-47D8-9AAA-F9866EF48D93}',6.95655,43.5521,7,4,NULL),(892,NULL,4000,1,NULL,'Allée de l\'orme',NULL,'06085',NULL,'chpayet','2020-06-22 13:39:20','chpayet','2020-07-27 11:20:31','{D4851BEA-3C9D-4CE1-B62D-B7190DD2E639}',7.0156,43.6096,3,4,2),(893,NULL,4000,1,NULL,'Boulevard esterel parc',NULL,'06079',NULL,'chpayet','2020-08-24 12:21:42','chpayet','2020-08-24 12:21:42','{B147B3B4-5BF3-4246-89F8-85D0FFEAECDC}',6.93313,43.5358,3,4,NULL),(894,NULL,4000,1,NULL,'Avenue Marcel pagnol',NULL,'06079','Cliiink ','chpayet','2020-08-24 13:43:26','chpayet','2020-08-24 13:43:26','{E1D75A70-538A-4D54-8AA0-A9C66CE98B64}',6.9423,43.5472,3,4,NULL),(895,NULL,3000,1,NULL,'Déchèterie tourrades',NULL,'06029',NULL,'chpayet','2020-08-26 08:38:18','chpayet','2020-08-26 08:38:18','{63444290-0A33-47A1-8ED3-2081E4C244BB}',6.95475,43.5569,7,4,NULL),(896,NULL,4000,1,NULL,'allee henri barbara',NULL,'06085',NULL,'chpayet','2020-06-22 13:29:05','chpayet','2020-07-27 11:22:34','{C9B66F9A-8BCD-44E8-9ABE-206CA8769F30}',7.01105,43.6073,3,4,NULL),(897,NULL,4000,1,NULL,'Avenue font roubert',NULL,'06085',NULL,'chpayet','2020-04-29 10:12:03','chpayet','2020-07-27 11:24:14','{7D1DD1FC-C261-414A-858B-F39E8099BFB3}',7.00168,43.6047,3,4,NULL),(898,NULL,3000,1,NULL,'Quai saint pierre',NULL,'06029',NULL,'chpayet','2020-08-26 10:42:07','chpayet','2020-08-26 10:42:07','{909437DD-6156-49A1-9D07-79FF642C2F27}',7.01231,43.5496,7,4,NULL),(899,NULL,4000,1,NULL,'89 avenue du moulin de la croix',NULL,'06085','Cliiink ','chpayet','2020-04-29 10:19:43','chpayet','2020-07-27 11:25:22','{49967CED-F997-4F6E-912E-6F67E6FDBD06}',6.99745,43.601,3,4,NULL),(900,NULL,4000,1,NULL,'559 Avenue de tournamy',NULL,'06085',NULL,'chpayet','2020-04-17 09:36:31','chpayet','2020-07-27 11:27:20','{0378EE97-249E-4D88-AC58-BAE3B29B6549}',6.98627,43.6019,7,4,NULL),(901,NULL,4000,1,NULL,'Jetée Albert Édouard ',NULL,'06029','Cliiink ','chpayet','2020-08-26 11:09:51','chpayet','2020-08-26 11:09:51','{63D92ABB-A0B8-4179-B954-D378360AE4AA}',7.01705,43.5486,7,4,NULL),(902,NULL,3000,1,NULL,'Chemin de la plaine',NULL,'06085',NULL,'chpayet','2020-07-27 12:19:33','chpayet','2020-07-27 12:19:33','{EE3BB45D-3EE0-48BB-ABA0-B380B1668D64}',6.97028,43.6023,7,4,1),(903,NULL,4000,1,NULL,'Chemin du refuge',NULL,'06085',NULL,'chpayet','2020-07-27 12:34:32','chpayet','2020-07-27 12:34:32','{D082FBD8-B8B8-4808-B18B-F9FEA9EC7A4D}',6.99238,43.581,3,4,1),(904,NULL,4000,1,NULL,'Avenue lamartine',NULL,'06085',NULL,'chpayet','2020-03-10 09:56:56','chpayet','2020-07-27 12:40:20','{1C052AE4-0F18-4195-902C-21DFA6CBCFE0}',6.985,43.5744,3,4,NULL),(905,NULL,4000,1,NULL,'Chemin du coudouron',NULL,'06085',NULL,'chpayet','2020-07-27 12:52:34','chpayet','2020-07-27 12:52:34','{E1DCE667-FD92-4D22-8120-5179FA802B78}',6.96465,43.5816,7,4,1),(906,NULL,3000,1,NULL,'Avenue petite colline',NULL,'06085',NULL,'chpayet','2020-06-23 06:30:30','chpayet','2020-07-27 13:31:45','{EE57E796-B764-4F17-AEE5-9DE98A27595B}',7.04161,43.591,3,4,2),(907,'Kfb ',NULL,1,NULL,'Jb pastor ',NULL,'06138',NULL,'chpayet','2019-12-04 09:46:17','chpayet','2019-12-04 09:46:17','{2525224C-A21B-44BB-9899-4F6EEC9F5A16}',6.93821,43.5044,NULL,5,NULL),(908,NULL,NULL,1,NULL,'Place saint feneant',NULL,'06079',NULL,'chpayet','2020-01-07 14:50:50','chpayet','2020-01-07 14:50:50','{C94FC7C5-FF62-4A58-8A07-CF4E12AE8E7C}',6.94089,43.5231,NULL,5,NULL),(909,NULL,NULL,1,NULL,'14 boulevard mont fleury',NULL,'06029',NULL,'chpayet','2020-02-05 09:18:33','chpayet','2020-02-05 09:18:33','{C7DA2614-E06A-4CE2-A527-D70DADA2056E}',7.02826,43.5552,NULL,5,NULL),(910,NULL,NULL,1,NULL,'Parking bon puits',NULL,'06079',NULL,'chpayet','2020-01-09 13:06:12','chpayet','2020-01-09 13:06:12','{6568BAEC-1E62-49C0-B1BF-E90C93E5353C}',6.93243,43.5225,NULL,5,NULL),(911,NULL,NULL,1,NULL,'Rue cite jardin',NULL,'06030',NULL,'chpayet','2020-01-30 13:46:11','chpayet','2020-01-30 13:46:11','{E79685C0-DF72-4ACC-B027-993EA6424AE8}',6.9981,43.5766,NULL,5,NULL),(912,NULL,NULL,1,NULL,'1 rue de lerins',NULL,'06029',NULL,'chpayet','2020-02-05 10:09:39','chpayet','2020-02-05 10:09:39','{8C6EF256-E4CB-4D42-83BC-001A0276D389}',7.02652,43.5514,NULL,5,NULL),(913,NULL,NULL,1,NULL,'Avenue lacour','Face police municipale ','06030',NULL,'chpayet','2020-01-30 14:15:53','chpayet','2020-01-30 14:15:53','{01F4A89D-62FD-4E87-97F1-4E5EB8467D50}',7.01899,43.5689,NULL,5,NULL),(914,NULL,NULL,1,NULL,'Avenue m\'ont joli',NULL,'06030',NULL,'chpayet','2020-01-30 14:57:22','chpayet','2020-01-30 14:57:22','{F3E7C1F5-DA4E-466D-80DF-20A10143BA8A}',7.00968,43.5809,NULL,5,NULL),(915,NULL,NULL,1,NULL,'31 rue pont saint victor',NULL,'06029',NULL,'chpayet','2020-02-10 08:30:37','chpayet','2020-02-10 08:31:11','{473F1B93-CA15-4933-A886-1BF1F5F41115}',7.00462,43.5567,NULL,5,NULL),(916,NULL,NULL,1,NULL,'Rue Beaulieu ',NULL,'06029',NULL,'chpayet','2020-02-10 10:37:38','chpayet','2020-02-10 10:37:38','{229BB5DF-8972-44B9-9CA0-2CF55DA3E9FA}',7.00728,43.5607,NULL,5,NULL),(917,NULL,NULL,1,NULL,'22 rue Jean nobles',NULL,'06029',NULL,'chpayet','2020-02-11 13:03:38','chpayet','2020-02-11 13:03:38','{9EC52640-BDE8-455E-B15E-85B9BDD7D4BF}',7.01065,43.5581,NULL,5,NULL),(918,NULL,NULL,1,NULL,'Avenue des broussailles ',NULL,'06029',NULL,'chpayet','2020-02-11 13:31:51','chpayet','2020-02-11 13:31:51','{6D02B4DD-7532-4808-9830-6BEFE2E7DC10}',7.00512,43.5623,NULL,5,NULL),(919,NULL,NULL,1,NULL,'261 avenue de grasse',NULL,'06029',NULL,'chpayet','2020-02-11 13:36:45','chpayet','2020-02-11 13:36:45','{7C7DC63E-48F5-492D-8BE6-3D4C0BFD08A2}',7.00324,43.5634,NULL,5,NULL),(920,NULL,NULL,3,NULL,'36 avenue du grand jas',NULL,'06029',NULL,'chpayet','2020-02-11 13:45:06','chpayet','2020-02-11 13:45:06','{3466E2A8-45CC-45F6-A512-19093B24292B}',7.00161,43.5621,NULL,5,NULL),(921,NULL,NULL,1,NULL,'12 bd d Alsace ',NULL,'06029',NULL,'chpayet','2020-02-12 08:46:26','chpayet','2020-02-12 08:46:26','{80C5B502-5709-4653-8586-A8E9FC619B38}',7.02021,43.5545,NULL,5,NULL),(922,NULL,NULL,1,NULL,'Pointe croisette',NULL,'06029',NULL,'chpayet','2020-02-12 09:47:17','chpayet','2020-02-12 09:47:17','{CB34E864-F688-4B1A-9462-3EE61E1B7702}',7.03669,43.5371,NULL,5,NULL),(923,NULL,NULL,1,NULL,'6 avenue du camp long',NULL,'06029',NULL,'chpayet','2020-02-13 08:41:14','chpayet','2020-02-13 08:41:14','{78A86E9B-9C7C-474B-878D-3DC42358BFE8}',7.02093,43.5629,NULL,5,NULL),(924,NULL,NULL,2,NULL,'53 avenue Michel Jourdan ',NULL,'06029',NULL,'chpayet','2020-02-13 12:41:49','chpayet','2020-02-13 12:41:49','{F29EC0E3-8DCF-4B3A-AE4D-26E8D255DCA0}',6.9745,43.5532,NULL,5,NULL),(925,NULL,NULL,1,NULL,'Avenue du vercors',NULL,'06029',NULL,'chpayet','2020-02-13 12:45:02','chpayet','2020-02-13 12:45:02','{AD4317E6-FB71-4ABE-8C4A-630E207266D8}',6.97326,43.555,NULL,5,NULL),(926,NULL,NULL,1,NULL,'Avenue Maurice chevalier ','Face palais des victoires ','06029',NULL,'chpayet','2020-02-13 12:54:58','chpayet','2020-02-13 12:54:58','{20AC6A52-5E3F-4640-9D2F-10E0935BE33E}',6.96151,43.5515,NULL,5,NULL),(927,NULL,NULL,1,NULL,'6 boulevard leader',NULL,'06029',NULL,'chpayet','2020-02-18 13:51:12','chpayet','2020-02-18 13:51:12','{106F9741-13A3-406F-96E8-DB3D210C484F}',6.99385,43.5495,NULL,5,NULL),(928,NULL,NULL,1,NULL,'2 avenue Francis tonner',NULL,'06029',NULL,'chpayet','2020-02-18 14:29:40','chpayet','2020-02-18 14:29:40','{8994971C-1D09-4E5E-80BE-8D01C1D386EF}',6.98424,43.5493,NULL,5,NULL),(929,NULL,NULL,2,NULL,'Chemin de campane',NULL,'06085',NULL,'chpayet','2020-02-20 08:17:38','chpayet','2020-02-20 08:17:38','{A0A06658-9CD7-45CD-8737-53AFC7237030}',6.9985,43.5877,NULL,5,NULL),(930,NULL,NULL,1,NULL,'763 chemin des cabrieres',NULL,'06085',NULL,'chpayet','2020-02-20 08:27:55','chpayet','2020-02-20 08:27:55','{DDEEC42F-FE33-434A-AF41-8766E4B22088}',6.98826,43.5833,NULL,5,NULL),(931,NULL,NULL,3,NULL,'Avenue de la roubine',NULL,'06029',NULL,'chpayet','2020-05-05 07:10:20','chpayet','2020-05-05 07:10:20','{58D8DBE4-F3B9-469A-A4A6-626E35DE5224}',6.97178,43.5478,NULL,5,NULL),(932,NULL,NULL,1,NULL,'Chemin bastide rouge',NULL,'06029',NULL,'chpayet','2020-04-17 07:30:57','chpayet','2020-04-17 07:30:57','{9C463B41-5184-4306-B1DA-0040B762D324}',6.95609,43.5533,NULL,5,NULL),(933,NULL,NULL,1,NULL,'Rue basse',NULL,'06085',NULL,'chpayet','2020-06-02 13:20:43','chpayet','2020-06-02 13:20:43','{D71D88F5-7E29-4567-9F43-97A614C1D2E7}',7.0414,43.589,NULL,5,NULL),(934,NULL,NULL,1,NULL,'2 chemin des vallons',NULL,'06030',NULL,'chpayet','2020-04-17 08:49:37','chpayet','2020-04-17 08:49:37','{786A84FA-F886-4CB0-8B4F-625CB33CB43A}',6.97263,43.5688,NULL,5,NULL),(935,NULL,NULL,1,NULL,'Avenue du riou',NULL,'06079',NULL,'chpayet','2020-08-17 09:33:26','chpayet','2020-08-17 09:33:26','{67D0FB35-5EE5-42A9-A4C9-4ECA1E0447A8}',6.94204,43.5283,NULL,5,NULL),(936,NULL,NULL,2,NULL,'Allée Jacques cartier',NULL,'06079',NULL,'chpayet','2020-05-05 08:59:48','chpayet','2020-05-05 08:59:48','{97FB9478-4C41-409E-91BA-121C1BD3FDAE}',6.93509,43.5318,NULL,5,NULL),(937,NULL,NULL,1,NULL,'Parking cimetiere du claus',NULL,'06030',NULL,'chpayet','2020-03-10 09:53:01','chpayet','2020-04-17 08:57:00','{C87A2083-70A9-43A8-B095-63BF0614BA1C}',6.98641,43.5746,NULL,5,NULL),(938,NULL,NULL,2,NULL,'Rue de la siagne',NULL,'06079',NULL,'chpayet','2020-05-05 09:44:51','chpayet','2020-05-05 09:44:51','{ED483AFF-6832-44C8-BF6F-626ED7C33769}',6.93878,43.5407,NULL,5,NULL),(939,NULL,NULL,1,NULL,'Boulevard de perrier',NULL,'06029',NULL,'chpayet','2020-05-07 06:55:20','chpayet','2020-05-07 06:55:20','{10567F11-64FE-4BA5-B1E2-E8E85BC0811A}',6.99634,43.5657,NULL,5,NULL),(940,NULL,NULL,1,NULL,'58 route des breguieres ',NULL,'06030',NULL,'chpayet','2020-05-07 08:01:47','chpayet','2020-05-07 08:01:47','{60239E85-2EC5-4ACB-899F-60F29E049433}',7.02412,43.5834,NULL,5,NULL),(941,NULL,NULL,1,NULL,'24 avenue roi Albert 1er',NULL,'06029',NULL,'chpayet','2020-05-07 10:27:08','chpayet','2020-05-07 10:27:08','{CF0AE9F9-54E8-4487-8363-47029CB7B17A}',7.03947,43.5515,NULL,5,NULL),(942,NULL,NULL,2,NULL,'Chemin des gourguettes',NULL,'06029',NULL,'chpayet','2020-04-17 10:01:21','chpayet','2020-04-17 10:01:21','{60BA576B-79B7-4E71-8477-C4783595ACE9}',6.95952,43.5715,NULL,5,NULL),(943,NULL,NULL,1,NULL,'63 avenue de vallauris ',NULL,'06029',NULL,'chpayet','2020-04-17 11:46:46','chpayet','2020-04-17 11:46:46','{703370E1-F623-4D42-9091-92236513C5F0}',7.03215,43.5593,NULL,5,NULL),(944,NULL,NULL,1,NULL,'80 boulevard leader',NULL,'06029',NULL,'chpayet','2020-04-29 07:11:37','chpayet','2020-04-29 07:11:37','{23824E68-2073-466B-BDEF-8BAF26BDBBE5}',6.99002,43.5551,NULL,5,NULL),(945,NULL,NULL,1,NULL,'Boulevard du riou parking bergia',NULL,'06029',NULL,'chpayet','2020-04-29 07:25:13','chpayet','2020-04-29 07:25:13','{98062A04-F6BA-4E19-A6C8-7C5052D6118A}',7.00582,43.5527,NULL,5,NULL),(946,NULL,NULL,1,NULL,'Avenue font roubert',NULL,'06085',NULL,'chpayet','2020-04-29 10:10:43','chpayet','2020-04-29 10:10:43','{5A6CE027-D450-4684-9A75-A48235C33C60}',7.00158,43.6047,NULL,5,NULL),(947,NULL,NULL,1,NULL,'Chemin de la grande bastide',NULL,'06085',NULL,'chpayet','2020-04-29 10:35:19','chpayet','2020-04-29 10:35:19','{43AE40F3-5309-4634-BB25-8AB8A768D486}',6.99039,43.5903,NULL,5,NULL),(948,NULL,NULL,1,NULL,'Chemin du moulin',NULL,'06085',NULL,'chpayet','2020-04-29 10:58:18','chpayet','2020-04-29 10:58:18','{675DEAD2-42A9-4FC3-9C54-403F722CDA4B}',6.99997,43.5921,NULL,5,NULL),(949,NULL,NULL,1,NULL,'Avenue de la république ',NULL,'06079',NULL,'chpayet','2020-07-21 13:08:59','chpayet','2020-07-21 13:08:59','{98FCD377-1689-4949-8DBE-BDB5DAD0F1C4}',6.93315,43.5414,NULL,5,NULL),(950,NULL,NULL,1,NULL,'20 avenue du golf',NULL,'06085',NULL,'chpayet','2020-05-14 08:18:55','chpayet','2020-05-14 08:19:10','{D1D5E9B9-08E0-4710-B3FD-119701272DA3}',7.0084,43.6045,NULL,5,NULL),(951,NULL,NULL,1,NULL,'Avenue troubadour ',NULL,'06029',NULL,'chpayet','2020-06-11 13:58:51','chpayet','2020-06-11 13:58:51','{7AB01869-66CD-47EE-A99A-E2609D3D5A58}',6.9687,43.5539,NULL,5,NULL),(952,NULL,NULL,1,NULL,'615 avenue Maurice donat',NULL,'06085','École mougins school','chpayet','2020-05-14 08:42:44','chpayet','2020-05-14 08:42:44','{456AA2A8-920C-4712-88F7-0E116FF993C5}',7.01446,43.6125,NULL,5,NULL),(953,NULL,NULL,1,NULL,'Déchèterie du cannet','Traverse de l aubarede','06030',NULL,'chpayet','2020-07-23 09:24:43','chpayet','2020-07-23 09:24:43','{8A619D9D-52FF-453B-A1E1-043DE80F5DA0}',6.98417,43.567,NULL,5,NULL),(954,NULL,NULL,1,NULL,'Place du souvenir français ',NULL,'06079',NULL,'chpayet','2020-06-18 13:25:17','chpayet','2020-06-18 13:25:17','{EB2F5D1F-2FF1-410E-B886-3404489A49B7}',6.93731,43.5552,NULL,5,NULL),(955,NULL,NULL,1,NULL,'Allée pierre de Coubertin ',NULL,'06085',NULL,'chpayet','2020-06-22 13:39:58','chpayet','2020-06-22 13:39:58','{7DD041B1-26D5-42D5-809B-D66E48670EC6}',7.01561,43.6096,NULL,5,NULL),(956,NULL,NULL,1,NULL,'Chemin de font de currault',NULL,'06085',NULL,'chpayet','2020-06-22 13:54:02','chpayet','2020-06-22 13:54:02','{FC9B3435-17BD-4845-86D4-5DB53E47E260}',7.03245,43.5914,NULL,5,NULL),(957,NULL,NULL,1,NULL,'12 avenue de benefiat',NULL,'06029',NULL,'chpayet','2020-08-17 12:09:56','chpayet','2020-08-17 12:09:56','{34164E31-E891-40A4-9611-C89E7E4B4892}',7.02919,43.5597,NULL,5,NULL),(958,NULL,NULL,1,NULL,'Parking port moure rouge',NULL,'06029',NULL,'chpayet','2020-08-25 07:48:58','chpayet','2020-08-25 07:48:58','{42577225-6C56-4972-B140-25C5FABB96B5}',7.04258,43.5435,NULL,5,NULL),(959,NULL,NULL,1,NULL,'Square carnot','Rue massena','06029',NULL,'chpayet','2020-07-27 09:00:12','chpayet','2020-07-27 09:00:44','{85CE2FF3-9746-47B1-846D-3C1E9973DFAA}',7.01704,43.5646,NULL,5,NULL),(960,NULL,NULL,1,NULL,'12 boulevard d oxford',NULL,'06029',NULL,'chpayet','2020-06-24 09:14:50','chpayet','2020-06-24 09:14:50','{AA9D205F-9D22-49F8-A788-CBE783E989CE}',7.02377,43.5644,NULL,5,NULL),(961,NULL,NULL,1,NULL,'Avenue commandant bret',NULL,'06029',NULL,'chpayet','2020-06-24 09:19:15','chpayet','2020-06-24 09:19:15','{8AF0E8D8-E0B3-490B-8961-A6DCEF1F0F31}',7.02492,43.5628,NULL,5,NULL),(962,NULL,NULL,1,NULL,'Avenue petite colline ',NULL,'06085',NULL,'chpayet','2020-06-23 06:31:03','chpayet','2020-07-27 09:20:22','{544B2F6C-9883-4451-A34D-E9A02A804119}',7.04161,43.591,NULL,5,NULL),(963,NULL,NULL,1,NULL,'1102 avenue du maréchal juin',NULL,'06085',NULL,'chpayet','2020-04-17 09:11:49','chpayet','2020-07-27 09:34:53','{9CD34D6C-3542-4109-82C2-C02A0340B019}',6.99393,43.5914,NULL,5,NULL),(964,NULL,NULL,1,NULL,'Chemin de la plaine',NULL,'06085',NULL,'chpayet','2020-07-27 12:18:01','chpayet','2020-07-27 12:18:01','{EF825DB5-6E4C-41FE-98B1-A1D910135369}',6.9703,43.6022,NULL,5,NULL),(965,NULL,NULL,1,NULL,'Chemin du refuge',NULL,'06085',NULL,'chpayet','2020-07-27 12:35:03','chpayet','2020-07-27 12:35:03','{D84F19EA-875D-4778-B290-F634F6C4514A}',6.99238,43.581,NULL,5,NULL),(966,NULL,NULL,3,NULL,'Avenue lamartine',NULL,'06085',NULL,'chpayet','2020-03-10 09:59:22','chpayet','2020-07-27 12:39:49','{EFBAFBA0-0480-4340-B500-F47140DB6A2F}',6.98499,43.5744,NULL,5,NULL),(967,NULL,NULL,1,NULL,'Chemin de coudouron','Déchèterie ','06085',NULL,'chpayet','2020-07-27 12:59:11','chpayet','2020-07-27 12:59:11','{8708629A-385D-44FF-8DB6-CDD4302B824B}',6.9645,43.5816,NULL,5,NULL);
/*!40000 ALTER TABLE `collecteur` ENABLE KEYS */;
UNLOCK TABLES;

--
-- Table structure for table `dechet`
--

DROP TABLE IF EXISTS `dechet`;
/*!40101 SET @saved_cs_client     = @@character_set_client */;
/*!50503 SET character_set_client = utf8mb4 */;
CREATE TABLE `dechet` (
  `id` smallint unsigned NOT NULL AUTO_INCREMENT,
  `type` varchar(30) COLLATE utf8_bin NOT NULL,
  PRIMARY KEY (`id`)
) ENGINE=InnoDB AUTO_INCREMENT=15 DEFAULT CHARSET=utf8 COLLATE=utf8_bin;
/*!40101 SET character_set_client = @saved_cs_client */;

--
-- Dumping data for table `dechet`
--

LOCK TABLES `dechet` WRITE;
/*!40000 ALTER TABLE `dechet` DISABLE KEYS */;
INSERT INTO `dechet` VALUES (1,'végétation'),(2,'bois'),(3,'métal'),(4,'gravats propres'),(5,'gravat sale'),(6,'carton'),(7,'d3e'),(8,'déchet ménager spécial'),(9,'néon'),(10,'batterie'),(11,'pile'),(12,'gaz'),(13,'extincteur'),(14,'huile végétale ou minérale');
/*!40000 ALTER TABLE `dechet` ENABLE KEYS */;
UNLOCK TABLES;

--
-- Table structure for table `decheterie`
--

DROP TABLE IF EXISTS `decheterie`;
/*!40101 SET @saved_cs_client     = @@character_set_client */;
/*!50503 SET character_set_client = utf8mb4 */;
CREATE TABLE `decheterie` (
  `objectid` smallint unsigned NOT NULL AUTO_INCREMENT,
  `id` varchar(10) COLLATE utf8_bin DEFAULT NULL,
  `dateInstallation` date DEFAULT NULL,
  `adresse` varchar(50) COLLATE utf8_bin DEFAULT NULL,
  `adresseComplement` varchar(40) COLLATE utf8_bin DEFAULT NULL,
  `codeInsee` char(5) COLLATE utf8_bin NOT NULL,
  `observations` varchar(70) COLLATE utf8_bin DEFAULT NULL,
  `createur` varchar(20) COLLATE utf8_bin NOT NULL,
  `dateCreation` datetime NOT NULL,
  `modificateur` varchar(20) COLLATE utf8_bin NOT NULL,
  `dateModification` datetime NOT NULL,
  `globalid` varchar(38) COLLATE utf8_bin NOT NULL,
  `_x` float unsigned NOT NULL,
  `_y` float unsigned NOT NULL,
  PRIMARY KEY (`objectid`)
) ENGINE=InnoDB AUTO_INCREMENT=1602 DEFAULT CHARSET=utf8 COLLATE=utf8_bin;
/*!40101 SET character_set_client = @saved_cs_client */;

--
-- Dumping data for table `decheterie`
--

LOCK TABLES `decheterie` WRITE;
/*!40000 ALTER TABLE `decheterie` DISABLE KEYS */;
INSERT INTO `decheterie` VALUES (801,NULL,NULL,'Impasse de l aubarede',NULL,'06030',NULL,'chpayet','2020-07-23 13:59:23','chpayet','2020-07-23 13:59:23','{F24B4AF3-17BF-4215-B07F-044AA37EA4E5}',6.98361,43.5668),(1201,NULL,NULL,'Chemin du coudouron',NULL,'06085',NULL,'chpayet','2020-07-27 12:51:41','chpayet','2020-07-27 12:54:59','{26CF70EB-23DD-4399-ACBA-98434B6BFC1A}',6.96464,43.5816),(1601,NULL,NULL,'Déchèterie des tourades',NULL,'06029',NULL,'chpayet','2020-07-31 13:01:59','chpayet','2020-07-31 13:03:32','{83866245-B862-4D22-B436-D5B1A64F5441}',6.95432,43.5567);
/*!40000 ALTER TABLE `decheterie` ENABLE KEYS */;
UNLOCK TABLES;

--
-- Table structure for table `marque`
--

DROP TABLE IF EXISTS `marque`;
/*!40101 SET @saved_cs_client     = @@character_set_client */;
/*!50503 SET character_set_client = utf8mb4 */;
CREATE TABLE `marque` (
  `id` smallint unsigned NOT NULL AUTO_INCREMENT,
  `nom` varchar(15) COLLATE utf8_bin NOT NULL,
  PRIMARY KEY (`id`)
) ENGINE=InnoDB AUTO_INCREMENT=5 DEFAULT CHARSET=utf8 COLLATE=utf8_bin;
/*!40101 SET character_set_client = @saved_cs_client */;

--
-- Dumping data for table `marque`
--

LOCK TABLES `marque` WRITE;
/*!40000 ALTER TABLE `marque` DISABLE KEYS */;
INSERT INTO `marque` VALUES (1,'Plastic Omnium'),(2,'Contenur'),(3,'Citec'),(4,'Ecollect');
/*!40000 ALTER TABLE `marque` ENABLE KEYS */;
UNLOCK TABLES;

--
-- Table structure for table `traitement`
--

DROP TABLE IF EXISTS `traitement`;
/*!40101 SET @saved_cs_client     = @@character_set_client */;
/*!50503 SET character_set_client = utf8mb4 */;
CREATE TABLE `traitement` (
  `objectidDecheterie` smallint unsigned NOT NULL,
  `idDechet` smallint unsigned NOT NULL,
  PRIMARY KEY (`idDechet`,`objectidDecheterie`),
  KEY `fk_traitement_decheterie_idx` (`objectidDecheterie`),
  CONSTRAINT `fk_traitement_dechet` FOREIGN KEY (`idDechet`) REFERENCES `dechet` (`id`),
  CONSTRAINT `fk_traitement_decheterie` FOREIGN KEY (`objectidDecheterie`) REFERENCES `decheterie` (`objectid`)
) ENGINE=InnoDB DEFAULT CHARSET=utf8 COLLATE=utf8_bin;
/*!40101 SET character_set_client = @saved_cs_client */;

--
-- Dumping data for table `traitement`
--

LOCK TABLES `traitement` WRITE;
/*!40000 ALTER TABLE `traitement` DISABLE KEYS */;
INSERT INTO `traitement` VALUES (801,1),(801,2),(801,3),(801,4),(801,5),(801,6),(801,7),(801,8),(801,9),(801,10),(801,11),(801,12),(801,13),(801,14),(1201,1),(1201,2),(1201,3),(1201,4),(1201,6),(1201,7),(1201,9),(1201,10),(1201,11),(1201,12),(1201,13),(1201,14),(1601,1),(1601,2),(1601,3),(1601,4),(1601,5),(1601,6),(1601,7),(1601,8),(1601,9),(1601,10),(1601,11),(1601,12),(1601,13),(1601,14);
/*!40000 ALTER TABLE `traitement` ENABLE KEYS */;
UNLOCK TABLES;

--
-- Table structure for table `tri`
--

DROP TABLE IF EXISTS `tri`;
/*!40101 SET @saved_cs_client     = @@character_set_client */;
/*!50503 SET character_set_client = utf8mb4 */;
CREATE TABLE `tri` (
  `id` smallint unsigned NOT NULL AUTO_INCREMENT,
  `type` varchar(30) COLLATE utf8_bin NOT NULL,
  PRIMARY KEY (`id`)
) ENGINE=InnoDB AUTO_INCREMENT=6 DEFAULT CHARSET=utf8 COLLATE=utf8_bin;
/*!40101 SET character_set_client = @saved_cs_client */;

--
-- Dumping data for table `tri`
--

LOCK TABLES `tri` WRITE;
/*!40000 ALTER TABLE `tri` DISABLE KEYS */;
INSERT INTO `tri` VALUES (1,'om'),(2,'papier'),(3,'emballage'),(4,'verre'),(5,'vêtement');
/*!40000 ALTER TABLE `tri` ENABLE KEYS */;
UNLOCK TABLES;
/*!40103 SET TIME_ZONE=@OLD_TIME_ZONE */;

/*!40101 SET SQL_MODE=@OLD_SQL_MODE */;
/*!40014 SET FOREIGN_KEY_CHECKS=@OLD_FOREIGN_KEY_CHECKS */;
/*!40014 SET UNIQUE_CHECKS=@OLD_UNIQUE_CHECKS */;
/*!40101 SET CHARACTER_SET_CLIENT=@OLD_CHARACTER_SET_CLIENT */;
/*!40101 SET CHARACTER_SET_RESULTS=@OLD_CHARACTER_SET_RESULTS */;
/*!40101 SET COLLATION_CONNECTION=@OLD_COLLATION_CONNECTION */;
/*!40111 SET SQL_NOTES=@OLD_SQL_NOTES */;

-- Dump completed on 2020-10-16  1:34:31
